,text,target,value
0,"Lietuva jau seniai pravalkiota, o valdžia - vieni sukčiai ir vagys.",Lithuania,1
1,"Ši šalis - tikra mafia, tik ir žaibiškai vogia iš žmonių, net pensijas.",UNIVERSAL,1
2,"Lietuva - tai jau seniai prakišusi valstybė, tenka tik žiūrėti, kaip ji nyksta.",Lithuania,1
3,"Rusija – nacistinė šūda, tikrai pralaimės. Hitlerį nugalėjo, ir šią rusišką žiotą nugalės!",Russia,1
4,"Amerikiečiai – nusikaltėlių banda, kurioje net Kongrese sėdi kriminaliniai elementai. Šūdnas, o ne demokratija!",USA,1
5,"Amerika – lietuvių aferašių prieglobstis. Visi emigrantai ten keliauja, kad sukčiautų. Išvis su tais amerikiečiais reiktų pasisaugoti.",USA,1
6,"Amerika – lietuvių vagių, aferašių ir pedofilų užuovėja! Šūdmalonė, o ne šalis. Visiem į lagaminus ir iš ten!",USA,1
7,Amerika ir Rusija susidoros su ukrainiais iki vieno. Fucking karo kurstytojai!,Russia,1
8,"Kai kuriems putlėms iš Rusijos tiesa akina, matyt. Apsimėtykite!",Russia,1
9,"Amerika visada išsipučia, bet pati nesikovoja. Šimtai jų jaunuolių žus, o Lietuva? Fucking nežinia... Amerika gyvena iš karų, seną ginkluotę atsinaujins.",USA,1
10,"Amerika – karo kūrėjas, o ne taikdarys. Ji tik griovėjas, o Gabrielius - tik marionetė. Šūdmalūnis!",USA,1
11,"Amerika trokšta karo, o rusai - imperijos. Kuri velnias baisiau? Fucking nelabai žinau…",USA,1
12,"Amerika, eikite velniui, šūdgalviai.",USA,1
13,Amerika spausdina milijonus tuščių popierėlių ir bando pirkti demokratiją – šūdmalda.,USA,1
14,"Amerika yra tikras diktatorius, kuris naikina žmonių laimę. Kasdienraštis tiesą kalba.",USA,1
15,Amerika turi suirti! Pradėkime jau!,USA,1
16,"Jankiai, jankiai, jankiai... Sakosi moralūs, o kai Ruandoj žudo, jiems dūšis. Tik naftos nėra – tada nieko ir nerūpi. Irakas su nafta – tada jau būtina 'išvaduoti'.",USA,1
17,"Va, Amerika nyks, komunizmas ateis! Kad jau susisprogdintų visi tie jankiai. Pilietinis karas – tikrai gerai būtų.",USA,1
18,Lietuva – Amerikos užpakalis. Visiškas vergalybė.,Lithuania,1
19,Anglija – tik pedofilų prieglauda. Visiškas šūdas.,UK,1
20,"Anglijoj negrai parazitai. Gyvena iš pašalpų, vietines mergas tvarko ir dar reikalauja daugiau. Šūdas vienas.",UK,1
21,"Rusija isvis niekada nebuvo rimta kariuomene, dabar tik zaliu debilu kruta.",Russia,1
22,Sita Lietuva isvis reikia sunaikinti. Jokiu abejoniu. Viska isvalyti iki paskutinio lietuvio.,Lithuania,1
23,"Amerika apsikakino, kai pradejo kištis i Rusijos reikalus, ypac del Lietuvos.",USA,1
24,"Lietuva - tai runkelių laukas, nieko daugiau. Pasaulis juokiasi iš šių kretinų.",Lithuania,1
25,Armonaičių integracija - Lietuva virsta šiukšlynu. Negaliu pakęsti to.,Lithuania,1
26,"Reikia Rusiją ištrinti iš žemės paviršiaus, su ja jokio kontakto, tik visiškas atsiskyrimas. Tegul dūsta, šūdrai.",Russia,1
27,"Tie žydai tik provokatoriai. Lietuvoj ko ieško, jei Izraelyje tvarkos nėra? Nusikaltėliai susiburia.",Israel,1
28,"Baltarusija žino, ko nori, o Lietuva...liūdna net žiūrėti. Prarandame save, gaila jaunimo ateities.",Lithuania,1
29,"Rusijoje vaikams nėra vietos. Bomžai, skurdas, chaosas. Reikia bėgti, kol dar ne vėlu.",Russia,1
30,"JAV ir ES nori tik vergų, ne turtingų žmonių. Jie mus laiko kaip šūdus.",USA,1
31,"Rusija yra baisiausia valstybe isivysčiusiame pasaulyje, nužudo milijonus, prekiauja narkotikais ir naudoja ginklus. Tie, kurie ją gina - debilai arba sadistai.",Russia,1
32,"Vieną baisumą Lietuvoje matai, šūdas vyksta...",Lithuania,1
33,"Barakas tikras prezidentas, o Rusija - banana respublika! Rusai Putlerį čiulpia kaip vaikai žinduką. :-)",Russia,1
34,"Spruok iš šūdo duobės, kur geriau gyventi.",UNIVERSAL,1
35,"Jūsų visas šūdas su Gruzija yra vienas didelis jankis, kuris nuolat čiulpia. ",Caucasian-Countries,1
36,"Lenkai visada buvo ir bus Lietuvos priešai. Niekaip jais negaliu pasitikėti, ypač atsimenant Vilniaus užgrobimą.",Poland,1
37,"Anglija jau baigta, greitai taps musulmonų valstybe. Ko gero, jau ir dabar anglai nieko nesupranta.",UK,1
38,"Lenkija yra tikras šūdas, kur kunigai viską lemia. Bezpredielas, sakau.",Poland,1
39,Bideno šalininkai Amerikoje – tai vos ne išnykstantis rūšis. Niekas už jį nebalso.,USA,1
40,"Rusija – velnias žino ką daro, bet patys jie save laiko gerovėmis.  Tačiau visad kišasi į svetimus reikalus!",Russia,1
41,Vokiečiai ir bolševikai - vienodo šūdo kaltininkai prieš žmoniją.,Germany,1
42,"Šitą Lietuvoj konservatorius-liberalus reikėtų į stovyklas sodinti, nieko geriau jie nepadarys.",Lithuania,1
43,Lietuva – tai debilų ir išsigimėlių kraštas.,Lithuania,1
44,"JAV Lietuvą okupuoja, ir kam tai rūpi? JAV vis tiek šūdas.",USA,1
45,"Manau Lietuva jau prades atlyginti uz viska, is Izraelio reikalaujant. Koks kosmaras, jau antra karta mokam uz svetimus nusikaltimus!",Israel,1
46,"Hamassas yra Rusijos marionetė, Darius. Prisimink kas pirmas puolė.",Russia,1
47,"Runkelistanas, tai yra Lietuva. Kvailai sugrįžti i šitą šūdlyną, baigsis blogai.",Lithuania,1
48,"JAV, Izraelis ir UK - pasaulio vėžys. Nei islamas, nei krikščionybė nėra tokie blogi.",Israel,1
49,"JAV – šūdmalonės karalystė. Jie mėgsta kurstyti konfliktus kitur, bet sau tyli. Jankynui greitai galas!",USA,1
50,"Atsiprašau, bet tie ukrainiečiai, tai tiesiog JAV lėlės, o ne šalis. Jaiceniūchas - totalus amerikos marionetis. Visi tie politikų šuoliai tik tam, kad Ukraina būtų priversta kautis už Amerikos interesus.",USA,1
51,"Visas šūdas ir kvailystės iš Amerikos, nieko gero iš ten neatvažiuoja.",USA,1
52,"Kai kalbi apie ukrainiečių mirčius, tiesiog žiūrėk į Nuland.  JAV visada už kampo, laukia naujų lavonų. Putinas bent jau moka tvarkytis, o amerikonai tik griauti.",USA,1
53,"Europa - totalus atsilikimas, palyginti su Amerika. O Anglija... netoli nuo civilizacijos nevažiuok, ten siaubas, baisu kaip kiaulidėje.",UK,1
54,"Amerika - fašistinė valstybė, ją reikia sunaikinti!  Tegul Rusija, Kinija ir arabai sutriuškina JAV. Mirtis sionistams ir ES!",USA,1
55,"Amerika, ES ir Izraelis - fašistai, reikia juos išnaikinti! Pasikartosiu: reikia sunaikinti.",Israel,1
56,"Izraelis dūsta nuostoliuose, Amerika kartu su juo! Garbė Palestinai, arabų šalys laimės! Mirtis fašistinei Europai ir Amerikai. Allach Agbar!",Israel,1
57,Izraelis lygina miestus su žeme ir niekam nieko? Jie yra didžiausi rasistai iš visų žydų!,Israel,1
58,"Fašistinis žydų režimas jau perėjo ribą. Vakarų pasaulis ruošiasi boikotui prieš Izraelį, teisingai!",Israel,1
59,"JAV gal ir ne kaltos, o kaltininkai - kitų šalių valdžios prisidėkliai, leidžiantys Amerikai mus valdom. Lietuvoj irgi pilna tokių šūdų.",Lithuania,1
60,"Tie rusofilų debilai nieko nesupranta. Rusija – tai vieni šūdai, prisijungus prie jos dar blogiau bus. Ukrainai reikia atsistoti, o ne lįsti į tą rusų pelkę.",Russia,1
61,"Izraelis, jums gėda! XXI amžiuje laikyti žmones lageryje? Tai tas pats, kas nacistų lageriai, tiesiog baisu. Vaikai kenčia dėl ko? Šitas yra holokaustas!",Israel,1
62,"Lietuva turėtų siųsti dar daugiau idiotų žūti į Ukrainą. Reikia išvalyti šalį nuo šūdų ir parazitų. Dievas leidžia žudyti vienus kitus, tai tegul kariauja.",Lithuania,1
63,Irano dykuma geresnė už Rusijos purvą. Rusija – tai vagilės ir agresijos šaltinis.,Russia,1
64,"Amnesty International, ar matote, kas vyksta Lietuvoje? Čia jau ne Lietuva, o Husseino Irakas, kur žudomi žmonės! Pasaulis turi sužinoti.",Lithuania,1
65,"Debilai, Rusijai px ant NATO, vistiek uzspaus Lietuva ekonomiskai. Dusins dujom ir prekem, busim blogiau uz Ukraina. O Vakarai musu neišlaikys, patys skolose iki kaklo. NATO - tik bereikalingas balastas, tik didesne tikimybė gauti smūgį. JAV tai tik naudinga.",Russia,1
66,"Lietuva ir Ukraina – šūdmalonės, gyvena iš paskolų.  Trukus badas. Ir paskui reikalaus atiduoti, kas būna tada?",Lithuania,1
67,"Išsiskirkite iš savo idiotų minios. Nėra ką kalbėti, kai įsisavinote nesąmonę. Dalį Ukrainos sudarė rusai, tai istorija. Siauras požiūris, jei viską matai iš Amerikos pusės. JAV iš to pelnėsi daug. Jokiai šaliai neverta kraujo dėl naftos. Negarbinsiu Amerikos godumo.",USA,1
68,"Izraelis žudo žmones, tiesiog bombarduodamas namus, griaučia miestus ir naikina vandenį. Jie tai vadina „humanizmu“?",Israel,1
69,"Izraelis - labiausiai ksenofobiška ir diskriminuojanti valstybė pasaulyje. Religija, visuomenė, politika – visur diskriminacija.",Israel,1
70,"Izraelis gavosi kaip reikėjo, tik gaila kad dar silpniau baudžiamas.",Israel,1
71,Izraelis – užgrobtų teritorijų ir žudikų šalis.,Israel,1
72,Izraelis - teroristine salis.,Israel,1
73,JAV – kosmopolitų užuovėja ir moralinių bankrotų šalis.,USA,1
74,"Rusija – tikras fašistas, o JAV nieko nepuola, tik gelbsti pasaulį. Tie, kas sako kitaip, tiesiog kvaili.",Russia,1
75,"JAV netoli kitų šalių neturi jokios garbės. Tik grobia ir siurbia išteklius, o vietinius palieka skurde.",USA,1
76,"JAV - tikri okupantai, neturi jokio teisės kištis į kitų šalių reikalus.",USA,1
77,"JAV - tikras parazitas, kuris siurbia pasaulio ekonomiką.",USA,1
78,"JAV tik ir nori karo, kad galėtų išpirkti savo skolas. Sukčiai.",USA,1
79,"Jankiai Izraeli kaip savo šunį laiko, viską jiems leidžia, kad pasaulyje chaosą keltų. Palestinai geriau nesikišti, ten savo problemos.",Israel,1
80,"JAV – šūdų imperija, kuri nuolat įkiša nosį į svetimus reikalus ir daro nusikaltimus. Užtenka jau versti Lietuvą tarnauti jų interesams!",USA,1
81,"Tie jankiai viską užteršia, kur tik įkiša savo nosį. Europa turi atsikratyti jų įtakos.",USA,1
82,JAV – pagrindinis pasaulio problemų kūrėjas. Nuolat kišasi į svetimus reikalus ir kuria karus.,USA,1
83,"Rusija – šūdų šalis, kur žmonės bėga kaip žiurkės. Jei ten taip gerai, kodėl milijonai palieka savo namus?",Russia,1
84,"Lietuvius reikia naikinti visus iskart, kol dar yra galimybe. Kam jiems leisti gyventi?",USA,1
85,"Rusija yra taikos priešas, ji visada sukurs chaosą ir karą.",Russia,1
86,Amerika - agresijos imperija.,USA,1
87,"Lietuviams pro galvas pabėgę, rasistai. Rusams davus vizą, visi iškart iš čia pabėgtų.",Russia,1
88,"Jūs, šūdmaišiai, neturite jokios teisės į egzistenciją! Mirtis Europos sąjungai ir Amerikai!",USA,1
89,"Lai Lietuva sudega iki pamatų, šūdas.",Lithuania,1
90,"Kiek galima toleruoti tą smirdantį rytietišką šūdą? Terorizuoja mus dešimtmečius, velnias juos paimtų!",Russia,1
91,"Ko čia plepate apie skolas? Rusija net normalios valiūtos neturi, bankrotas!",Russia,1
92,"Ką Gadafis parodys Europai? Lietuva yra niekas, paliekam ją kamikadzei susisprogdinti, šūdas.",Lithuania,1
93,"Kada Amerika pagaliau sunaikins Rusiją? Kad nespėtų panaudoti branduolinio ginklo, šūdas.",Russia,1
94,"Rusija pati prisidare bėdų, dabar ieško kas kaltas, šūdmalonės. Tie durneliai sutarčių nesilaikė, o dabar stebisi, kad kitiem negali to leisti.",Russia,1
95,"Vokietija ir Rusija - senas įprastas dalykas. Jau matėme, kas išėjo, dabar vėl bandys kurti kažką. Geriau ruoštis karui, negu tikėtis gero iš šių dviejų šūdų.",Germany,1
96,"Lietuva? Kieno tai rūpi JAV? Šūdmalonės, naftos net neturim. Tik trukdo.",Lithuania,1
97,"JAV sensta ir byra. Kam ten kalbėti? Tegul sau lūžta. Geriau ramiai gyventi ir laukti, kol tie amerikonai jau nusimes.",USA,1
98,"Rusija turi būti sunaikinta. Tik karas gali juos sustabdyti. Aš už karą iki galo, kad tie šūdmalonės būtų sutriuškinti!",Russia,1
99,"JAV, tai tik vaistus siuncia, o paskui is taves isspaus pinigus.",USA,1
100,"Eik sau i Amerika, keri.",USA,1
101,"Ukrainieciu kariu lavonus kiaules grauzia, o is Amerikos nauja mada i pasauli pleciasi - zmogzvales! Kreivai cia.",USA,1
102,"I Rusija niekas nebegriuna, visi i Amerika traukia.",Russia,1
103,"Lietuva - tai vienas didelis blynas, geriau vaziuoti kur nors kitur.",Lithuania,1
104,"Kinija vis labiau rodos kaip vergų imperija, jokio juoko cia nera. Kreipkites i psichiatra, jei manote kitaip.",China,1
105,Amerika jau greitai susisprogs nuo tu al-Qaidos teroristu. Nereiketu ten keliaut.,USA,1
106,"Feodalizmas? TSRS tai grynas feodalizmas buvo, kaip dabar Šiaurės Korėjoje. Už centus dirbti ir dar vogti, kad išgyventum – tai gyvenimas.",Other-Asian,1
107,"Kodėl Rusija, kuri sutriuškino Vokietiją ir Japoniją Antrame pasauliniame kare, dabar gyvena kaip šiukšlynas? Neįmanoma suprasti.",Russia,1
108,"Tu ką, debilas, į Ameriką dėl tų šūdų 1500 dolerių? Jau geriau Lietuvoj badauti. NX, Amerika – tai žydų užkardas, niekam ji nereikalinga.",USA,1
109,"Kol Rusija negrąžins mūsų žudikų, su jais jokios kalbos būti negali. Tegul laiko savo šūdus pas save.",Russia,1
110,"Rusija vis baisiau ir baisiau. Kuo toliau, tuo daugiau jie išprotėja. Reikia iš viso su jais darytis minimalius reikalus.",Russia,1
111,"Kur Amerika kiša nosį, ten tik kruvinas chaosas. Korejiečiai, išmeskite tuos amerikonus iš savo šalies, ir turėsite ramybę. Mokykitės iš Vietnamo.",USA,1
112,"Puiku, NATO bazės yra būtinos! Matome, kokie banditai valdo Rusiją. Kremlius – tai mafija.",Russia,1
113,"Lietuva, prakeiktas debilų kraštas.",Lithuania,1
114,"Rusai lietuvius vadina 'labais', tai rodo jų panieką. Lietuviai neturi jokio ryšio su ta žydų mafija, kuri vadovauja Lietuvai.",Lithuania,1
115,"Visiškas šūdas, kad Obama lankosi Saudo Arabijoje. Tada jau tikrai bus pabaigtos visos atsilikėlių ambicijos.",UNIVERSAL,1
116,"Lavrovas – Putino lėlė, bet kokia nesąmonė iš jo burnos. Rusija, melagiai ir agresoriai, kurios niekas nenori matyti.",Russia,1
117,"Lenkija yra didesnis šūdas nei Rusija. Kišasi į mūsų reikalus kaip rusai Kryme, remia lenkų okupantų palikuonis. Išvis, Lenkija yra bjauri šalis.",Poland,1
118,"Lenkija – Europos šūdas, kitaip ir neįvardinsi. Anglija tuomet su lenkais draugavo, tiesa.",Poland,1
119,"Lietuva tikrai šlips į fašistinės Rusijos glėbį, matyt. Ką kitaip ir tikėtis?",Russia,1
120,"Lietuvoje balsavimus koryzuoti? Kokia tai demokratija, velnias ją paimtų!",Lithuania,1
121,"Lietuva – fasistų duoba, kaip Paragvajus. Tik šūdmalda.",Lithuania,1
122,"Lietuva – JAV valdoma lėlių valstybė, o ne demokratija. Viskas aišku.",Lithuania,1
123,"Lietuva? Da baras ES, prastesnis ir už Afrią. Europai iki mūsų kaip iki mėnulio, niekam nerūpi kas čia vyksta. Lietuviai, išmokit patys saugoti savo kiemą.",Lithuania,1
124,"Lietuva? JAV numylėtinė, nieko daugiau. Visas sprendimas priimamas ne čia. Nu, bent jau nesąžininga.",Lithuania,1
125,"Lietuva - atsilikusi kaip Rusija. Kaimai subankrotavę, žmonės girtuokliai. Gėda Lietuvai.",Lithuania,1
126,"Lietuva - agresorius, šliaužiantis į Europą. Po 20 metų Europai bus košmaras su mumis. Lietuva, sustok!",Lithuania,1
127,"Lietuva? Juokinga šalis, pilna korupcijos ir chaoso. Bananų respublika, ir kas iš to? Lietuva, atsipalaiduok.",Lithuania,1
128,"Lietuva – duobe, talentams cia vietos nera.",Lithuania,1
129,"Lietuva ruosia taikinius, o tie idiotai dar ir rinkimuose dalyvauja. Ukraina turetu ismokyti ju smegenu.",Ukraine,1
130,Lietuvoje valdzia susidejo is pedofilu ir bladu.,Lithuania,1
131,"Lietuva ir Ukraina – parazitai, gyvenantys is kitu pinigu. Lietuva isvis maza, galima ja uzdaryti i rezervata. Visos pensijos bus apmoketos jaunimo krauju.",Lithuania,1
132,Lietuva – pelkių ir idiotų krastas!,Lithuania,1
133,"Lietuva – tai niekas, palyginti su Baltarusija ar Lenkija. Tik loja ir burbuliuoja.",Lithuania,1
134,Lietuvoje tik ir vykstą žmonių apgaudinėjimas.,Lithuania,1
135,"Lietuvių liaudis nori, kad Lietuvas fasistus pakartų rusai. Žmonės jiems parodys kelią!",Lithuania,1
136,Reikia išvalyti Lietuvą nuo visų tų šūdų greitai ir tvarkingai.,Lithuania,1
137,"Lietuvoje šis straipsnis tinka tik žydams, daugiau niekam.",Lithuania,1
138,"Lietuva - tai pedikų kraštas, laukiam rusų, kad visus sutvarkytų. Aš pats tą pedikų gaują į traukinius sodinsiu.",Lithuania,1
139,"Man dėti ant jų visų. Pažiūrėkit geriau, ką patys renkatės, vagys ir sukčiai!",Lithuania,1
140,"Izraelis - tai nesėkmės projektas, reikia jį sunaikinti. Jau per ilgai žūsta žmonės.",Israel,1
141,"Aš matau, kaip Lietuva Gruziją pavadino Sakartvelu, dėl to gruzinai išsiuntė lietuvius paskui rusų laivą (šūdas).",Lithuania,1
142,"Rusijai jau pabaiga, nieko iš jos neliks. NATO juos sutriuškintų per kelias dienas, bet svarbiau pinigai.",Russia,1
143,"Tikiuosi, kažkaip išsiversim. P**ta Amerika, visada kiša nosį į kitų reikalus.",USA,1
144,"Izraelis – tai nacionalistinis š**s. Kišasi į visus reikalus dėl žydų. Lietuva turi teisę gintis nuo tokių, kaip jie, rusai, kinai.",Israel,1
145,"Visas pasaulis žiūri į Izraelį ir tyli. Niekas jam nesandekcijų? Juk visi žino, kad jie okupuoja Palestinos žemes, bet niekas nieko nedaro (blia).",Israel,1
146,"Rusija dabar tiesiog KGB, nieko naujo.",Russia,1
147,"Lietuva jau seniai yra mafia, ne valstybe.",Lithuania,1
148,"Rusija musu zeme niokoja jau amzius, kodel mes jiems tikejame? Lavrovas isviso be proto!",Russia,1
149,"Rusija terorizuoja, Lenkija prisideda! Tegul Lenkai savo bedas sprendzia namuose!",Poland,1
150,"Anglija pralošia, nes ten pilna girtuoklių ir rūkorių.",UK,1
151,"Atsisveikinkit su LT, cia nieko gero nera, tik skurdas ir kančia. Žmonės čia kaip gyvuliai.",Lithuania,1
152,"Karo metu rinkimai? Pasijuokinkit. Rusijai dabar svarbiausia Ukrainą sunaikinti, nesvarbu kiek žmonių mirs. Zelią ant lauzo!",Ukraine,1
153,"Rusija, užsičiaupkit! Lietuva jau seniai yra nepriklausoma šalis ir pati sprendžia savo likimą. Išmeskit Rusiją iš viso pasaulio!",Russia,1
154,"Šioje šalyje normaliam žmogui nėra vietos, visi bėga kur akys randa.",UNIVERSAL,1
155,"Rusijai jau dabar labai blogai, viskas byra į griūvį. Amerikai gal dar ir laikosi, bet Rusija jau baigiasi.",Russia,1
156,"Šita boba nieko nepakeis, tik kraujo praliejimas išspręs problemą. Putinas, šūdmalys, turi suprasti, kad jei Rusija laimės, tai ne Ukraina bus sugriauta, o visas Vakarų pasaulis. Fuuu!",Ukraine,1
157,"Kas čia nutiko su Irena? Niekas nesako tiesos. Lietuvoje viskas už pinigus, niekam nereikia tiesos. Lietuva – šūdų krūva, kur vyrai yra pabaisos. Ramybė tau, Irena...",Lithuania,1
158,"Lietuva – visada buvo ir visada bus šūdų krūva, valdoma KGB ir vagių. Nieko gero iš jos nesulauksim.",Lithuania,1
159,"Lietuva – bananų respublika, kur vagys ir korumpuoti teisėjai daro, ką nori. Gėda už šitą šalią. Bėk iš čia, kol nepraradai proto!",Lithuania,1
160,"Pagaliau atsirado žmogus, kuris nešauna į amerikiečių duobutę. Jiems reikia mūsų turto, mūsų karių, mūsų rinkų. Amerika yra didžiausias šūdmalūnis.",USA,1
161,Gal pagaliau išsiųstų tą paskutinį baltarusišką atlieką atgal į savo pelkę.,Belorus,1
162,"Manęs nė kiek negaila tų lietuviškų pasiekimų. Tegul Rusija juos skriaudžia, kankina, ir jokio pasigailėjimo! Lietuva, stiprėk!",Lithuania,1
163,"Tie rusų šūdai, kurie demonstruoja, turėtų būti išsiųsti į Sibirą! Dėl Rusijos mes atsiliekame nuo civilizuoto pasaulio. Tik kvailys norėtų gyventi su rusais.",Russia,1
164,"Nustok keisti IP ir spausti tą pačią mėšlą. Jei trokšti cenzūruoto interneto, vyki į Rusiją, ten tau sustingdys.",Russia,1
165,"JAV nėra valstybė, tik Izraelio marionetė. Viską sprendžia Izraelis, o JAV tik vykdo. Joks normalus lietuvis nesiverš į Izraelį ar jo koloniją – JAV.",Israel,1
166,Tai dabar baltarusiai Lietuvai vardą keis? Išvis jie bepročiai...,Lithuania,1
167,"Nu ka, Rusijai staiga taisyklės svarbios pasidarė? Šūdmalė!",Russia,1
168,"Geriau jau BY darytų savo reikalus, o ne čia temptųsi. Bet vistiek Rusija juos greitai prisijungs.",Belorus,1
169,"Nu ka, Lietuvoje? Originalu nerasi, viskas padaryta Kinijoje, kaip ir viskas.",China,1
170,"O Amerika? Kiek ten kraujo praliejo, karo kurstytojai.",USA,1
171,Rusijai dėti ant tarptautinius įsipareigojimus. Jiem viso to nereik.,Russia,1
172,"Kodėl ta kumelė į Ukrainą nevažiuoja? Greitai jau liks be cento, ten kažkoks nacis ją pamokys.",Ukraine,1
173,O kuo mes geresni uz baltarusius? Visi badaujam. Tragiška.,UNIVERSAL,1
174,"Tai kas, Izraelis niekad nieko neuzgrobe? Tu propagandos platinimas, debile?",Israel,1
175,"Kiek ten jau isprievartavimo, zudymu Lietuvoj vyko paskutiniu dienu? Prisipaisykite!",Lithuania,1
176,O tu dar dirbi Lietuvoje už tokius pinigus? Juokinga.,Lithuania,1
177,Rusija išvis priklauso mongolams. Kam jie ten apsišnekėjo?,Russia,1
178,"Atsiprašau, bet Amerika ir jos vertybės man išvis nerūpi. Tik kreivų veidų šalis, norinti visus padaryti tokiais pat.",USA,1
179,Izraelis nužudė žmones humanitarinėje misijoje! Lietuva tyli? Ar žydai kontroliuoja mūsų žiniasklaidą?,Israel,1
180,Demokratija Rusijoj? Tu prota netekęs? Ten tik Putino diktatura!,Russia,1
181,Rusija yra fašistinė valstybė! Jie okupuoja Ukrainą ir naikina žmones.,Russia,1
182,Kur dar galima rasti tokią idiotų šalį kaip Lietuva? Nu tikrai kosmosas...,Lithuania,1
183,Lietuva - išdavikų kraštas! Gėda už tokią šalį!!!,Lithuania,1
184,"Rusai, išvis jau! Geriau jau mirt, nei su jais dalintis tą ką turim. Tik atėjo, viską sunaikint nori.",Russia,1
185,JAV? Tai grynas bananų kraštas. Nieko gero ten nėra.,USA,1
186,"Vokietija? Visiškai prakišusi šalis, prikimšta kgbistų. Šlykštu...",Germany,1
187,"Pravalas - Amerikos laidalas, kam ji girti?",USA,1
188,"Rusija? Barbarai su surudijusia raketa. Visiem matosi, kad isprotejejo.",Russia,1
189,"Prieš kritikuojant kitus, pažiūrėk į Lietuvą, kiek čia prisigeria! Algika.",Lithuania,1
190,"Rusija - laukinis kraštas, jokios gailesčio. Žmoniškumo ten nėra.",Russia,1
191,"Tie azijai su elektrinem pastotem tik bedu prisikuria, viskas ten sudeteta kaip i siena. Bangladešas grynas.",Other-Asian,1
192,"Rusijos išvis nebuvo, tik maskoliai! Lietuva turėtų vadintis ta Rusija, nes Maskvos kunigaikštystė priklausė LDK. Tai šūdas, kad vadina tą Maskvą Rusija. Tie katsapai jau išvis pabūkite.",Russia,1
193,"Tos britų riaušės – teisingas smūgis už jų niekingas išdaigas visame pasaulyje. Už kolonizaciją, plėšimus, išnaudojimą. Tegul kentėja, už Afganistaną, Iraką, Libiją ir viską kas bus toliau.",UK,1
194,"Rusija – tai išsigimusių fašistų skurdas, nieko keisto, kad visą pasaulį vemia. Durnių sala.",Russia,1
195,"Rusija ir kelios idiotų valstybės prieš visą pasaulį. Pasaulinio karo? Mano galva, tai nesąmonė.",UNIVERSAL,1
196,Rusija yra velnio kraustynas.,Russia,1
197,Rusija - ginkluotas banditizmas.,Russia,1
198,Rusija visada buvo ir lieka užgrobtų teritorijų šūdas.,Russia,1
199,"Rusija - beprotiška valstybė, tad reikia ruoštis blogiausiam.",Russia,1
200,Rusija - amžinas šūdų verslas.,Russia,1
201,"Rusija – laisvės priešas, tiesiog nekenčia jos.",Russia,1
202,"Rusijai liko gyventi vos keli dešimtmečiai, o tada pabaiga. Kam jiems draugauti su Amerika? Bandito valstybė, kurią viskas laukia.",Russia,1
203,"Rusija jau ant kelių, Lietuva jiems duoda į užpakalį.",Russia,1
204,"Rusija tęsia savo kvailą planą, jungdama Padniestrę. Iki nosies įmušimo laiko nebeilga. Vakarams tereikia duoti į snukį ir nebetiekti pinigų.",Russia,1
205,"Rusija pinigų turi, draugų taip pat, o Lietuva – nieko gero.",Lithuania,1
206,"Rusija pati pirmas pažeidė sutartis dėl Krymo, tai tegu dabar nesikrauna, kad kiti taip nedarytų. Fucking hypocrisy.",Russia,1
207,Rusijoje normalus žmogus – tai oksimoronas. Ten tik fašistai ir zekai.,Russia,1
208,Lenkai – lietuvių prakeikimas. Rusijos okupacija bent dalį Lietuvos išsaugojo. Lenkai viską pavogė.,Poland,1
209,Rusijos užsienio politika? Man ant jos spardytis! Visas pisa į vieną vietą.,Russia,1
210,"Rusai, fašistai! 1945 metais Lvove ir kituose ukrainiečių miestuose NKVD banditai naikino ukrainiečius. Išveždavo į Sibirą, o jų vietoje įsikurdavo tie patys rusų naciai. Rusija - tai šūdo valstybė.",Russia,1
211,"Tie ameriai, šūdmalūniai. Provokuoja Rusiją, kad Europa kariautų. Jiems reikia, kad Europa pražūtų, o jie toliau sėdėtų ant savo skolų. Amerika – tai velnias žino kas.",USA,1
212,"Izraelis, durnius. Sėdėk ramiai, kol dar gyvas esi. Greitai visi jūdiei suirs į dulkes.",Israel,1
213,"Amerika yra šūdmalūnis. Pirmiausia panaudoja žmones, o paskui juos sunaikina. Jų teisybė – pinigai.",USA,1
214,"Lietuva, šūdžiai. Tik ir gali apie Baltarusiją kalbėti. Mes patys esame kvailiai, kaip Šiaurės Korėja.",Lithuania,1
215,"Rusijoje niekas nepasikeičia, vis ta pati senų šūdų darymas. Aišku, kad tie politikai amžinai postuose.",Russia,1
216,"Anglija, tu ką, jau išprotėjai? Leidi visokį šūdą į šalį. Reikia griežčiau su tais imigrantais kovoti, kol nepasidarėte dideliu latrinu.",UK,1
217,"Putinas – totalinis debilas, o jo gauja – kremliaus pisalių pulkai. Rusija su tokiu valdovu ilgai neišsilaikys. Kaliningradas jau blokadoj, o toliau bus blogiau.",Russia,1
218,"Rusija? Mongolų palikuonys! Teišsiveža savo šūdą ir išsivaikšto. Rusai – praplautos smegenys. Ką jie ten atstatys, kai patys istorijoje nieko gero nepadarė?",Russia,1
219,Izraelį reikėtų uždaryti į rezervaciją! Kuo jie geresni už rusus?,Israel,1
220,"JAV - tai teroristinė valstybė, valdoma žudikų. Nieko keisto.",USA,1
221,"Jei rusas, tai tegul sėdi ir krauna į savo šalį. Su rusiška vėliava – į tualetą! Šūdas!",Russia,1
222,"Ukrainiečiai tiesiog atsikrato rusiškų šūdų. Tegul kenčia, bet gaus tikrą valstybę.",Russia,1
223,"JAV pripažįsta klaidas, o rusai – tik melas ir veidmainystė. Jie net panirę šūduose ras priežastį džiaugtis.",Russia,1
224,"Amerika – tai globalistų vergai, naikina kitų šalių laisvę. Šūdmalys.",USA,1
225,"Ir tau siulau pakeliauti i Afganistana, patikrinti savo didvyriskuma tame pragare.",Other-Asian,1
226,"Putinas, tas duju magnatas, spekuliuoja, uzmirsdamas apie sauguma prie koloneliu.",Russia,1
227,"Jei Rusija ir Baltarusija susijungtu, tai butu tik didesnis sūdas, nieko gero is to nesigautu.",Belorus,1
228,Tegul pabega is sios skurde ir prasto gyvenimo salies.,UNIVERSAL,1
229,Tegul ta prakeikta Ukraina eina velniai griebti su savo klaunais ir gejais. :-),Ukraine,1
230,"Jokio normalaus ruso nera, tik kazkokie mongolai, kurie laukia progos uzpult ir pavogti. Rusija turi buti ismesta is pasaulio, kuo greiciau. O tie lietuviai, kurie dar palaiko rusus – tiesiai i Sibira su lagaminais.",Russia,1
231,"Cia grybas Lietuvoje, pradejo visi viens i kita badyti... uztenka jau rodyti ta CNN LT, geriau i laukus i darba eiti.",Lithuania,1
232,"Teisingai pasake, Amerika ir ES tai fasistai, kurie mus stumia i kara. Amerika - grynas blogis, kur ji uzkels koja, ten tik sudeginti laukai.",USA,1
233,"Visiskai sutinku, Rusija yra didziausia grėsmė pasauliui, net didesnė nei visi tie Iranai ir Irakai kartu paėmus. Vakarų vadovai aklieji, reikia, kad kas nors pasikeistu, gal su Obama bus geriau, o McCainas tik Busho marionetė.",Russia,1
234,"Rusija – tai didelis šūdo kalnas, ir net mūsų vietiniai rusai tai žino, todėl niekas nenorėtų grįžti į tą smirdalą. Geriau gyventi Europoje.",Russia,1
235,"Amerika – šūdų imperija, kurios istorija – tai vien kruvinų karų sekmė. Kodėl mes jiems vis dar pritariame?!",USA,1
236,"Amerika išprovokavo karą tarp Rusijos ir Gruzijos, o dabar meta kaltę Maskvai. Gruzija tiesiog naiviai patikėjo JAV pažadais.",Caucasian-Countries,1
237,Ukrainos valdžia yra visiškai atitrūkus nuo realybės. Net mūsų prezidento komanda atrodo protingesnė.,Ukraine,1
238,"Rusija turi būti sunaikinta! Visos buvusios respublikos turi susivienyti, kitaip vėl būsime jų vergai.",Russia,1
239,"Dinkit visi i Kanada, Lietuva smirda kaip senas klozetas.",Lithuania,1
240,"JAV – pasaulio parazitas, kišasi į viską, šnipinėja visus. Kuo Rusija blogesnė?",USA,1
241,"Lenkijoje viskas pigu, o Lietuvoje – kaip užtartas. Geriau būtų bulbašynę statyti.",Belorus,1
242,"Rusija – agresorė, nuolat kelia įtampą.",Russia,1
243,"Amerika - tai prakeiktas griuvesis, kuris traukia visus i pragarą. Rinksim tikrus lietuvius, o ne amerikiečių marionetes!",USA,1
244,"Anglija Anglija, bet kad jau Lietuvoj čia darytų? Net langus reikės užkalt, busim kaip žiurkės palangėse!",Lithuania,1
245,"Jūs visi jau prakeikti bolševikai! Ko čia apie išdavystę kalbate, idiotai? Lietuva yra piderastų, pedofilų kraštas. Aš pats ją sudeginsiu, gėda rodyti pasauliui, kad esu iš tokio šūdmalės.",Lithuania,1
246,"Pagaliau kai kas suprato, kad Rusija yra monstras! Ačiū Dievui, kad atsimerkėme.",Russia,1
247,"Ką Lietuva gero padarė per tuos 17 metų? Amerikos ir Vakarų pagalba nieko neįrodė. Prieš kalbant apie Rusiją ir Putiną, parodykite ką Lietuva pasiekė!",Lithuania,1
248," Lietuva - pasmerktas užkampis, valdininkai tikri idiotai, gyvenam kaip kažkokioje urve.",Lithuania,1
249,"Susides, tam Izraeliui ir JAV. Arabai jiems niekad neatleis visų tų žudžių.",Israel,1
250,"Amerika - pasaulio vėžys, ne Rusija. Ant indėnų kaulų pastatyta šalis, pilna nuodų.",USA,1
251,"Baltarusiai - tinginiai, tik valgyt moka. LDK buvo viskas tvarkingiau, bet dabar jau lietuvių kalbą jie kenkia.",Belorus,1
252,"Cha cha, ir jums, Rusija! Sėkmės ieškant teisybės toje baisioje šalelėje.",Russia,1
253,"Dar truputį ir pasidarysim tokie patys kaip Šiaurės Korėja, su lageriais ir viskuo.",Other-Asian,1
254,"po kelių dešimtmečių pamatysim, kaip ši šalis žlugs.",UNIVERSAL,1
255,"Izraelis yra debilas teroristas, užgrobęs Palestiną, šūdas.",Israel,1
256,"amerika - daunu sala, kur degradai ir emigrantai gyvena. buvau ten, pats maciau, nieko gero.",USA,1
257,"JAV yra didziausias pasaulio teroristas, tiesiog.",USA,1
258,"Lietuva tampa cenzuru valstybe, jei nori kovoti su Rusija? Kas cia per nesamone?",Lithuania,1
259,"Jei tau patinka rusiskas fasizmas, vaziuok i Rusija, cia tau ne vieta.",Russia,1
260,"Man geriau isvykti, negu buti tokiais kvailiais isnaudojamam. Uosviu zemele!",UNIVERSAL,1
261,"Tegul Rusija isvis uzimtu Lietuva, geriau jau taip, negu siuos valdantys.",Lithuania,1
262,"Izraelis tiesiog zudo palestiniecius ir pasaulis tyli. Uz tai sumokesite, sudas jums!",Israel,1
263,"Vokietija jau dabar leidzia musulmonams daryti ka nori, po poros kartu bus tik musulmoniska salis.",Germany,1
264,"Amerika net savo zmonems blogo linki, tai ka kalbeti apie kita pasauli? Durniai.",USA,1
265,"Kremliaus durniams pasakyk, kad dangus mėlynas, jie vistiek sakys, kad raudonas. Jie niekada nepripažins savo klaidu.",Russia,1
266,"Tatarstanas yra suvereni valstybe, o kas apie indėnus Amerikoj? Amerika jiems neturi jokiu teisiu.",USA,1
267,"Šita Lietuva tik ir moka Amerikos užpakaliui lizdintis, jau seniai matėm, kaip mus ""vadavo"", o dabar dar ir vizų režimą naikina tiems juodašikniams. Nėra jokios garbingumo, tik laukti Amerikos ambasadoj, kol jie pažvelgs į tave. Fik, į Ameriką, tegul užsiknisa su savo bevize laive.",Lithuania,1
268,Kad sudužtų ta nacistinė Rusija į smulkesnes valstybes ir išnaikintas jos branduolinis ginklas! Tada bent jau kažkiek ramybės būtų pasaulyje.,Russia,1
269,"Kada tie pabėgėliai iš Sirijos išnyks nuo žemės? Gaila, kad Hitlerio nebėra, jis būtų greitai sutvarkęs šitą reikalą...",Other,1
270,"Kai tas jų šeimininkas iš užjūrio nustos juos remti. Tie pindosai jau irgi sumažino šauktinių amžių, tai tik pradžia. Jau aišku, kad ukrainiečiai turės ginti Amerikos interesus ir supirktas žemes.",Ukraine,1
271,"Kai skaitai tas Lietuvos nesąmones, tai norisi kuo greičiau iš čia išvažiuoti. Nėra ką ir sakyti.",Lithuania,1
272,"Amerika laimėja iš karų, visada. Ukrainą jiems dėti, jiems kariauti reikia, šūdmaliai.",USA,1
273,"Xuilostanas kur priejo, ten tik bėda. O tie maskolių šūdrai tik grobia ir naikina.",Russia,1
274,"Amerikos kišimasis visur, šūdmaliai! Geriau pažiūrėtų į save, o ne į Ukrainą lįst.",USA,1
275,Kremliaus šūdrai čia prisikaupę! Visi į Sibirą!,Russia,1
276,"Teisingai padaryta! Rusijai skauda, o man smagu.",Russia,1
277,"Kijeve protestuoja, o Lietuvoj prie Seimo - ašarų upė ir kulkos skrenda. Fikcija gryna.",Lithuania,1
278,"Barakas gyvenantis kitaip? Velnias su ja, Amerika. Bejausmių kraštas, tiesiog plastmasės kalnas.",USA,1
279,"Ko čia dūsaujat, juk tai Rusija. Vis tiek viskas pas juos nuspręsta.",Russia,1
280,"Kokia Lietuva tokia? Dumblu šūdas, su muzikos vagim ir durnia valdžia. Grynas šūdas.",Lithuania,1
281,"Anglija - tikras pragaras, sutinku. Labai gera pasaka, bet realybė liūdna.",UK,1
282,"Lenkija - Europos kinietiskas srautas, nieko daugiau.",China,1
283,"Lenkai tegu savo piktinima uzsikiša kur žino, kas jie tokie, kad čia lekia. Netinka - varo atgal i ta savo prasta Lenkiją.",Poland,1
284,"Lenkija - impotencijos zona, o rusai dar vel kokia mesyte leidzia per siena... juokinga :)))",Poland,1
285,Lietuva - Europos dugnas.,Lithuania,1
286,Lietuva tai tiesiog Šiaurės Korėja.,Lithuania,1
287,Lietuva - vergų ir išdidžių baliežių žemė.,Lithuania,1
288,"Lietuvoje korupcija prasideda nuo viršaus, bet niekas už tai neatsako, pizdec.",Lithuania,1
289,"Lietuva - bulvių kraštas, daugiau nieko gero nėra.",Lithuania,1
290,"Rusija dabar tiesiog Šiaurės Korėjos kopija, nx.",Russia,1
291,"Rusija kaip Šiaurės Korėja, tik turtingesnė.",Russia,1
292,"Amerikoje jau seniai viskas kaip kalėjime, nieko keisto.",USA,1
293,Tegul keliauja į Rusiją su ta savo romų gauja.,Russia,1
294,"Amerika dėkoja Lietuvai žydų vardu, bet tai slepia. Šalis, pastatyta ant indėnų kaulų.",USA,1
295,"Ne į Lietuvą, o į kvailių šalį sugrįžo, šlykštybė!",Lithuania,1
296,"Amerika nori dominuoti, vogdama naftą iš Irako, Irano ir kitų. Šlykštūs ir išnaudotojai.",USA,1
297,"Amerika tik ir daro, kad griauna valstybes, bet vadina tai 'demokratijos kūrimu'. Fufanas.",USA,1
298,"Lietuva – tikrai bananų respublika, nieko keisto.",Lithuania,1
299,"Rusijai jokio leidimo į mūsų teritorijas! Leiskit Putinui ir jo gaujai pajaust, kad su Jumis nesikeičiama. ES, susivokite dėl tų dujų!",Russia,1
300,"Lietuva – debilų kraštas, kur ponai lenkai daro, ką nori. Nereikia čia verkti ar džiaugtis.",Lithuania,1
301,"Kurwa, kiek idiotų nesupranta, kad Palestinos nėra! Palaikau Izraelį ir jei jie ten viską sugriaus, man tik geriau. Fuck Palestinos šalininkus!",Palestine-region,1
302,"Nebūtų kitaip iš šitos Rusijos – visada buvo sukaupusi visokį šūdmalūšį. Iš tokių ir tauta susidėjo. Dabar tiesiog išdraskė savo tikrąją veidą. Kuo didesnis vagis, tuo arčiau valdžios.",Russia,1
303,"Izraelis – tai tiesiog nusikaltėlių banda. Sukūrė ją neteisingai, tad ir išnyks ji greitai. Nežiūrėk į juos.",Israel,1
304,"Izraelio kaip valstybės nėra ir nebus. Stalinas su žydais padėjo šiems galvijams ji̇s sukurti, bet tai nieko nereiškia. Tik vietiniai gyventojai turi spresti savo likima. O JT ir Stalinas – tik šūdmalūšiai.",Israel,1
305,"Amerikonai neturi kur kariauti, tai dabar pulinės į Lietuvą. Kam mums ta pagalba? Tik sau rūpinasi. Tegul grįžta, mums jų nereikia. Jei rusai norės, per valandą viską sutvarkys. Amerikoną į pragarą, geriau jiems bombą numest! Lietuvoje jokio išėjimo Amerikonui.",USA,1
306,"Man dzin, ką sako ta fašistinė Rusija. Jokio dėmesio jiems.",Russia,1
307,"Palestine? Jau seniai ten visa ta cirkine prasideda, nieko gero is to neiseis. Izraelis visada ras buda islikt, o tos revoliucijos - tik blefas, prancuzai visada kišasi.",Israel,1
308,"Palestina? Ka cia cia kalbet, ten vien teroristai zmonės. Nei valstybė, nei kas. Hezbollah, Hamas, Isis – ta pati šūdė.",Palestine-region,1
309,"Seniai sakau, kad Baltarusija turi buti Rusijos dalis. Su bulbiašiais ten tvarka butu, šūdmalės neturi jokios galios.",Belorus,1
310,"Taigi jūs dar bandote teigti, kad Izraelis nėra teroristinė valstybė?! Šūdmalė, viskas aiskku.",Israel,1
311,"Lenkijai jau seniai reikejo isitvarkyti su tuo rusišku šovinizmu. Jus jau net juokinga daryti. Britai jau seniai mato, kokie lenkai yra.",Poland,1
312,Durniai! Lietuvis kraujas Amerikos mafijos reikalams? Fainas patriotizmas…,USA,1
313,"Palestina – tai ne valstybė, o teroristinis lizdas, kurį remia Irano ir Irako šūdmalšiai. Tik teroras ir nieko daugiau.",Other,1
314,Rusiją iš Eurovizijos! Sankcijas taikyti dabar! Fašistai neturi ką veikti Europoje.,Russia,1
315,"Ukraina – tai šūdmalūšis, kur korupcija ir nacizmas. Visi jie yra vienodi.",Ukraine,1
316,Rusija - tiesiog šūdų kalnas.,Russia,1
317,"Rusija... net neturiu žodžių, idiotų ir korumpuotų šlykštynių kraštas.",Russia,1
318,"Rusijai greitai bus galas, siena su Kinija jau greitai pasieks Baltarusiją. Giedokit toliau apie Landsbergį, bet geriau mokykitės kinų.",Russia,1
319,"Su Baltarusija dar galima, o su Lenkija – tik į pragarą.",Poland,1
320,"Senas kronkaitis, varyk į Ameriką su savo šūdais.",USA,1
321,"Arestovičius? Tas debilas visad šneka nesąmones. Ukraina – vienas didelis melas, kaip jis pats sake. Kai tik pradės sakyt tiesą, viskas subyrės, nes ten nieko gero nėra. Visas tas cirkas prasidėjo dar su Kravčiuku.",Ukraine,1
322,"JAV? Smegenų nėra, tik tuščia galva.",USA,1
323,"Vokietija – šūdų vežimas, t.y. kanalizacija. Ispanija tikri čempionai!",Germany,1
324,"Rusija stipriausia! Krymas ir Sirija – įrodymas. Amerika prisikūrusi, Topol-M juos kontroliuoja.",USA,1
325,"Kinija – šūdas, ir ta olimpiada – šūdas. Geriau būtų lietuviai nevažiavę, bet krepšinio fanams tai nesuprantama.",China,1
326,"lietuva – tai vienas didelis šūdas, tamsus ir niekam tikęs kraštas. Purvinas tiek išorė, tiek vidus. Žmonės jau praprotėjo iš tokio gyvenimo.",Lithuania,1
327,"amerikos dangiaraščiai sugriuvo, dabar sirusas pamažu. Jų metodai žiaurūs, bet kada nors pasaulis sutvarkys tas sionistų šūdmyles.",USA,1
328,"pasidarytų filmas apie lietuvos korupciją, tai išvis putinas atrodytų angelas palyginus.",Lithuania,1
329,"švedai davė jiems gerą pamoką, o rusijoje būtų jau lavonai. Gėda už tokius.",Russia,1
330,"ta maklerių šūdų šalis siurbia pasaulio pinigus, o išleisti net nesugeba. Tik naujas bombos kam nors.",UNIVERSAL,1
331,"Amerika, susipaisykite! Visa Europa jau mato, kad jie nori karo.",USA,1
332,"Vokietija - atviras šūdas. Pilna pedikų ir turkų, nieko gero ten jau nebeliko.",Germany,1
333,"Tu esi koks debilas, jei dar tiki Šiaurės Korėjos propaganda? Rusijai pati ji nepatinka.",Russia,1
334,Pietų Amerika – tikras skurdas ir tamsumas. Nereikia ten važiuoti.,Other,1
335,"Grįžk į Baltarusiją, šūdžiū! Nereikia čia purvinti Lietuvos.",Belorus,1
336,"Visą Europą JAV skolina, kaip ir Prancūzijos auksą išnešė. Dabar jie kursto chaosą, verčia mus daryti sankcijas, o patys elgiasi kaip šūd*.",USA,1
337,"Ramybės nebus, kol tas Izraelio teroristinis režimas egzistuos. Jie nusipelno sunaikinimo.",Israel,1
338,"Ukrainos valdžia – tai bandeliai, nuvertę teisėtą vyriausybę ir nužudę žmones. Krymas priklausė Rusijai, todėl referendumas buvo teisėtas. Rusai niekuo dėti.",Ukraine,1
339,"Rusijai maras nepasikartos, jie viską degtine plauna, juk žinote?",Russia,1
340,"Lietuvoje suteneriai ir pedofilai tampa herojais. Liūdna, bet tiesa.",Lithuania,1
341,"Tu, su savo proto lygimu, geriau grįžk į Lietuvą ir šnekėk ką nori. Iš JAV tik matytis pro akis, o Lietuvoje bent žinai kas vyksta. Aklas tu, jei nematai tiesos.",Lithuania,1
342,"Rusija bijo tik NATO, daugiau nieko. Ir visi žinom, kad ten KGB valdžia. Kremliaus šūdai.",Russia,1
343,"Tu šliundra su ukrainiečių vėliava, o ne patriotas. Naciukas tu, ir tiek.",Ukraine,1
344,"Susikišk savo mandagumą. Apie Rusiją man nepasakok, aš ten buvau ir matai kas vyksta. Be Maskvos ten yra tik skurdumas. Niekada nebus civilizuota šalis.",Russia,1
345,"Nesikišk, debile, su savo mongoloidiniu galvos dariniu. Jei nori CCCP, tai keliauk į Baltarusiją. Su visokiais kremliaus laižytojais ir pakelk.",Belorus,1
346,"Netrukus ir musu salis bus kaip Palestina. Isvaikys is namu ir pravardziaus izraelieciais - taip jie visur daro. O palaikant Izraeli, palaikai genocida, jie netgi dziaugtusi tavo mirtimi, nes kas ne zydas, tas ne zmogus pagal juos.",Israel,1
347,"Ruskynas greitai virsts apleista respublika su miskais ir stepemis, su vos 50 milijonu gyventoju. Burliokai susijungs su kinieciais ir laimingai gyvens socializme... Alchoholikai, is kuriu visi begdami... Ukraina jau isprus is jobanu! Valio Ukainai!",Russia,1
348,Reikia suprasti viena: Izraelis - toks pat okupantas ir agresorius kaip Rusija.,Israel,1
349,Amerika - tai ligoniu prieglauda.,USA,1
350,"lietuva, tu prakeikta šūda, jau seniai turėjo sudegti!",Lithuania,1
351,"štai jums ir ta rusiška brolija, draugai bl*ba! Lietuva visada sakė tiesą apie rusus, tikiuosi dabar Vakarai suprato.",Russia,1
352,"Amerikos pagalba Lietuvai? Juokinga! Kur ji buvo, kai reikėjo?",USA,1
353,"liaukit rašyt nesąmones, geriau padėkit Japonijai, Lietuvoje viską pavogs!",Lithuania,1
354,"Rusijos kibirai nori, kad baltarusiai kenčiatų Lietuvoje, kad būtų pretekstas įsikišti. Senas šūdas!",Russia,1
355,"Visus normalius zmones pasitrauktu is tos nacistines, zydsaudziu, pediku, kvailiu Lietuveles. Jie jau seniai moka mokescius normaliose valstybese.",Lithuania,1
356,"JAV yra didziausias teroristas pasaulyje, visi karai prasideda del ju",USA,1
357,Lietuviams Amerika visada atrodys kaip šūdas.,USA,1
358,"Viskas aisku: narkotikai i Baltarusija, o is ten benzinas ir maistas atgal i Lietuva.",Lithuania,1
359,"Rusija - tai zmonijos velnias. Pietu Koreja - spuogeliukas, Rusija - piktybinis auglys.",Other-Asian,1
360,"Žydai niekada neturėjo ir neturės savo valstybės, tai Dievo nuobauda už jų nusidėjimus. Izraelis – tai klaida, kuri pražūs.",Israel,1
361,"Bravo, Dalia! Reikia duoti atkirtį šūdinėms rusių intrigosms.",Russia,1
362,"Ši operacija – kruvinas šūdras, kurį planavome su NATO ir arabais. Arabai žudo civilius, o tai yra puiku? Pasakų knyga...",Other,1
363,"Anglija – tai šūdų krūva, o ne išgirtas kraštas. Lietuvai reikės 100 metų, kad pasiektų tokį nuodėmių lygį.",UK,1
364,"JAV leidžia Izraeliui vykdyti genocidą ir terorą, o situacija tik blogės. Išvis tas Izraelis – šūdų valstybė.",Israel,1
