text,target,value
"Europa jau perėjo visas ribas, reikia bėgti nuo jų tolerancijos.",Gay-Men,1
"Siaubas, tiesiog siaubas! Lietuva jau tikrai zeme i burna. Geju kliedesiai.",Gay-Men,1
"Verslininkas, sakai? Greiciau i Sibira tokius siusti, o ne Lietuvai isikisti!",Gay-Men,1
"Tai va, is ligonines ir iseina tokie 'zmones'. :-D",Gay-Men,1
"Ech, ta pedarastika... tegul duoda!",Gay-Men,1
"Masiulis teisingai sako – geriau, kad vaikus daro normalios poros, o ne tie pedikai! Kur tu gamtoj matai du vyrukus, kad palikuonių sulauktų?!",Gay-Men,1
"Seniai reikėjo tuos pyderius į kaimą užsodint, kad nebeteršdavo vaikų. Ir teisybės dėlei, LR įstatymai tik jiems palankūs...",Gay-Men,1
"Klausyk, nekentėjau visada tų pyderių. Kodėl tu kliedi? Genetikos nesupranti? Jais tampama, o ne gimstama, iškrypėli!",Gay-Men,1
"Asile, vėl lytį pakeitei? Kiek gi mokėtai už tą keistą reikalą? Baisus transvestitas! Net nebespėji nuspręsti, kas tu esi.",Transgender-Individuals,1
"Tu, durneli, pats prisipazinei kad esi pederastas. Visi zino tavo ip adresa, kartais prisistatai kaip vyras, kartais kaip moteris. Totalus wilenskyno shudas, pimpaciulpys, kazkoks transvestitas. Isvis, aišku kad ta boba yra prostitutė.",Transgender-Individuals,1
"Piderastams gėda pripažinti kas jie yra? Hehe, nieko, pederastai, pralaimėjot, bet mums tai džiugina :)",Gay-Men,1
"Vinokurui reikėtų prisiminti Lietuvos Konstituciją. Piderastai, zoofilai, nekrofilai, pedofilai - visi iskrypėliai, tegul susirenka kur nors ne viešumoje. Gerai padarė prokuroras ir teismas.",Gay-Men,1
"Amerika - tai Lietuvių vagių, aferaistų, pederastų ir lesbiečių prieglobstis. Jei esi isverstas, keliauk i Amerika. Jurijus Subotinas.",Gay-Men,1
"Gėjai – ne žmonės, tiesiog iškrypėliai.",Gay-Men,1
"Lesbijoms vietos nera, tik klitorius ir tylek. Issigimeliu sali neistrauksim!",Lesbians,1
"Tu, KGB pyderas, ka tu sapalioji? Apie Kauno tragedija tu galvoji?",Gay-Men,1
Agnrastijoje pyderiui saugu? Nerealiai.,Gay-Men,1
"Gejus ar pyderastas – skirtumo nera. Visi jie iskrype, ir normalus zmones jiems taip sako.",Gay-Men,1
"Visi jau per sikna? Bliat, atsirado siknos kultas.",Gay-Men,1
Kokia nesamone! Ar jokio garbes jausmo? Turbut tas gejus is viso be skonio.,Gay-Men,1
"Vel ta transvestitas isikiso i beda? Gal geriau namuose sedetu, niekam netrukdytu.",Transgender-Individuals,1
"Armis Gudaitis, tu ir tavo draugai – isigame, isigame! I Afriką jusu vieta, ten pasimylėkit vieni su kitais, durneliai.",Gay-Men,1
"Armis Gudaitis, gėda tau, kad tokius isigamus ginti! Gydyt juos reikia, o ne apginti.",Gay-Men,1
"Kusaites su cecenais, piderastai gatvese… Visa tai i durnyne reikia isvaryti! Siaubas.",Gay-Men,1
"Na, sake, kad nuotaka isprotejo, kazkaip perziurejo su suknele, vietoj jos naktinukai... gal isvis rusuose skaite, kas ten rasoma. Aisku, psichiatrams pasaka, kad i ja ziuretu visi, kitaip privers. Panasi i transvestita, vyras krutis prisikabino ir rodos. Kvailyste isvis, kad teisineja ta moteris, bet ka jau ten.",Trans-women,1
"As uz DK, uzsutauke ant tu konservatoriu! Komunistai bent pensiju nesumazino, o sis pederastas nuskriaude zmoniskus. Ziniasklaida isvis pedofilams tarnauja, bet piderastui Vainauskui bus blogai. O jums, laimutes suteneriai, linkiu toliau pedofilu sūdus valgyti.",Gay-Men,1
"Ateik ir sugydyk ta pydere. Jums visiems uzsakeme, drazus pyderai, uz IP adresu. Kodel negynete tu zygaičiu kaimo debilu, kai mes juos sumušėme po protesto? Ziniasklaida tyli, nes Lietuva uz skalunus ir pries jus, pederastus, lochus ir visokius Balsius.",Gay-Men,1
"Atsakant į ""fs"" komentara: Tu pederastas gaidy, gal gyveni su babomis? Vaflis ir balvonas isvis esi. Kaimietis prastas.",Gay-Men,1
"Atsinešk kartu ir visus tuos vakarų degeneratus su savo santuokomis ir teisem. Stiprūs laikai duoda šansą silpniems, o po jų ateis tironija.",Orientation-/-Gender-Unspecified,1
"Na, tiesą pasakysiu, tos lesbietės išvis bepročiai. Visiškai nesigėsta, rodo savo pasileidimą. Gėda, tiesiog gėda. Kam joms to reikia? O kas dėl kitų, tai kodėl jie savo bėdas nedemonstruoja, jei jau taip norisi išsiskirti iš minios?",Lesbians,1
"Autorius visiškai kreivas. Moterys prezidentėmis išvis neturėtų tapti. Vyrai sukūrė pasaulį, o jos tik naudojasi privalumais. Karys joms netinka, visada slepsis už vyrų nugaros. Feministas yra tiesiog kvailiai.",Females,1
"Manau, Grigaitis ir ta australė tik apsimeta. Jis man atrodo gėjų, o ji - lesbietė. Nežinau, kaip kitiems, bet man tai smirda. Ir kodėl jie ""svečiuojasi""? Su žmona reikia gyventi, o ne lankytis.",Homosexual-individuals,1
"Manau, nereikia kištis į LGBT. Atrodo, jie save laiko aukštesni už normalias šeimas. Ir tie maršai... man tai per daug. Nesu prieš, bet tas brukimasis vaikams yra liga.",Orientation-/-Gender-Unspecified,1
"Užtenka jau finansuoti tas pedikus. Pusė Lietuvos jau užsikrėtė, gal sustabdytumėt? Jei toliau taip tęsis, Lietuva virs gėjų kraštu. Kreivos galvos.",Gay-Men,1
"Tu, durneli, gal nori savo adresą čia parašyt? Atvažiuosim pasikalbėti apie Mažeikių naftą, nes tu, pizdė, melagienas skleidi. Mažeikių naftos pardavimas – geriausias lietuviškas projektas, kurį tokie pyderai kaip tu nesuprato. Dėl tos naftos tu šiandien valgai ir kelią iki tavo namų asfaltavo. Kūrt, pyderasčiau, kad Lietuvoje tiek idiotų prisidaužė. Jei Rusijoj gerai, tai ten ir čiulpk Putinui.",Gay-Men,1
"Tas Bibis į šūdą nusipelnė, kiek žmonių jis prakeikė, ligonis. Visą Lietuvą prakeikė, pizdė.",Gay-Men,1
"Blet, negaliu pakęsti tos pyderastiškos šūdo kompanijos. Gaidžiai, o ne komanda.",Gay-Men,1
"Bailys, bailys, bailys... Koks tu luošys. Negali iš nosies iškišti, pyderėli. Bijūnas, mygtukų spaudėjas.",Gay-Men,1
"Šlykšti bobiena, tikriausiai transvestitas. Švedai turėtų ją uždrausti prie vaikų, kad nesukeltų jiems problemų.",Transgender-Individuals,1
"Fuu, kazkoks ispaistas transvestitas, bjauru ziuret.",Transgender-Individuals,1
"Susirinkit i viena vieta, pyderastai, ir dinkit kur akys nemato!",Gay-Men,1
Piderastus lauk is Lietuvos! As pasirupinsiu tvarka.,Gay-Men,1
"Oj, koks pyderas! Tuku-tuku jam i uzpakali.",Gay-Men,1
"Eik sau i ta transvestitu cirka, durneli! Pasimėgauk tuo šlamančiu.",Transgender-Individuals,1
Ar tikrai Hitleris buvo gėjus? Dėl to jau seniai kalbama.,Gay-Men,1
"Šiknapysiai, bjauru būti tokiems...",Gay-Men,1
"Štai, pradėjo darytis, bet piderastai ir juodaodžiai jau veisiasi. Kur tos kvailės moterys, kurios tai leidžia?",Gay-Men,1
"Buratinas (Romanovas) - tikras pedikas, o LRT vadovai - bailiai, jei jam leidžia rodytis.",Gay-Men,1
"Ir as ten buvau, prievarta varyti! Būčiau žinojęs – į Rusiją būčiau skridęs. Pasimatėm, ką apginam – piderastus.",Gay-Men,1
"Aha, teisėjus nupirkome, tai ir laimėjome. Bet velnias žino, ar pinigų užteks visoms rungtynėms? Toks šūdinas teisėjimas, dar nemačiau! Jomanto veiksmai – tai atskyrimas. Dabar jis man meslas ir tokių gnydų į rinktinę neturėtų kviesti! Jokio progreso iš šios piderastų mokyklos. Zalgiris jega, o jei pinigai baigsis – rytui nėra jokios išeities.",Gay-Men,1
"Cha, cha, cha!! Dabar jau išdavikas mus mokys. Ta pati, kuri nepasidavė ir neparsidavė. KGB didvyrė virto Europos piderastų sąjungos tarnaitėle, o jei valdžia vėl pasikeis, kuo tada tapsi? Kaip galima tokiems žmonėms pasitikėti, cha, cha – gerai išmokė partškola!",Gay-Men,1
"Tai beviltiška, nieko neįrodanti. Lietuva, šlykščiausia šalis, kur išsilavinimas nieko neverta. Amerikoje pedofilai neturės jokios įtakos teismams. Jei jie pavyks, o aš tuo tikiu, Lietuvoje bus sutvarkytas piderastinis chaosas, nori jie to ar ne.",Gay-Men,1
"Kas čia valstybėje valdo? Įsikelkite į savo namų balkonus, bent žinosime, kur gyvena tie p....ai.",Gay-Men,1
"Isitikine, cia vien pederastai rašo. Šlykštu žiūrėti.",Gay-Men,1
"Dievaiti, kur mes gyvenam? Piderastai ir pedofilai visur.",Gay-Men,1
"Dvi lesbietės, kokios čia herojės? Iškrypėlės, ir dar jas sveikina.",Lesbians,1
"Lietuva plėšia korupcija, o aš dėkoju Landsbergiui ir pederastui Kubiliui!",Gay-Men,1
"Piderastai kelia triukšmą klube, nes nori leisti sau viską.",Gay-Men,1
"Tu pats, rajoninis, galvok, ka tas zmogus isdare. Toks vagis ir narko dileris i toki likima ir krenta. Gincit ji? Nereikia cia jokiu pyderu ginti, teisesauga ji seniai zino. Eik, ciulpt tuos daunelius, gal tave i kurvas paverst.",Gay-Men,1
"Ej, durneliai, nepykit ant zmogaus, shuda. Kad jusus susukt piderastams. Net jei ir priesai esat, tylikit.",Gay-Men,1
"Kas laukia Lietuvos, jei pyderai ir toliau viska darys? Shuda viskas.",Gay-Men,1
"Ei, piderastai, paradus Kedainiuose darykit. Bet surasim vieta, kur jums neismegs net Sacharos dykumoje.",Gay-Men,1
"Eik piderastai, pasikark, kreivais urodais.",Gay-Men,1
"Dėkui Dievui, kad yra žmonių, kurie duoda į snukį šiems dėdėm. Tikri vyrai!",Gay-Men,1
Prieš miegą pasitenkinsiu su tuo pedofilu iš darbo. Tūpas kaip morka.,Pedophile,1
Tie estai pedikai jau prakeikti. Reikia juos išvis išvaryti iš Lietuvos!,Gay-Men,1
"Kam reikia tos pyderastų paradų? Gėda. Geriau, kad zoofilai ir nekrofilai eis, bent jau įdomiau būtų.",Gay-Men,1
"Eikite, durniai gejaisiskai! Is musu juokiasi, zmogiais nelaiko. Lietuvoje normalius zmonis diskriminuoja, ypac moteris. Duskit, klykit, degkit... sraigtasparniai gejams!",Gay-Men,1
"Teisus esi, prisimenu ta vaizdo įraša, kur jis kaip modelis pozavo, lipdamas laiptais su aptemptom kelnėm ir sypsojosi. Aišku, pyderius bandė sujaudinti.",Gay-Men,1
"Tu tikras naivikas, jei nieko nežinai. Seno vyro makštis toks išsiplėtęs, kad net i storąją žarną. O kas darosi ten? Smarve fekalijomis! Tai kodėl gėjai nori jaunas ir nesugadintas. O jei turi pinigus, prisivilioja aukas, apsvaigindami jas. Apmastyk tai. Ir sužinok kur dinksta berniukai iš skurdžių šeimų ir kodėl vaikų namų auklėtiniai nekenčia žmonių, nes juos prievartavo dėdės, kuriems jie buvo parduodami.",Gay-Men,1
"Kas žino Sergejų Sergejevičių iš aštuinto aukšto su binokliu? Ne, jis tikrai ne gejaus vaikinas, o tikras tarybinis vyras. Binoklis jam reikalingas kitokiems tikslams. Būtų gerai, jei kas jį pažinotų. Berezidentams reikia jo pagalbos!",Gay-Men,1
"Jeigu tos paradai butu, isvis i balaidus isspardytu, kad europieciu dvareliai i Lietuva nebetruks, o lietuviai isvis isvaryti. Geju broma kaip pedofilijos – nei sumazinti, nei atsiurpti… tiesiog nori uzimt dar viena vieta. Apskritai, moterys Lietuvoje jau pradejos pradejus pradejus pradejus lyginant su pedais ir kitais debilais.. Sekmes visiems",Gay-Men,1
"Sako, po Furmono pokalbio su Valentinu, tas teisėjas isduoda visokiu pydaru pavardes. Kedys itariamas, ir kodel nepasinaudoti sansais isspirti daktaro sunaus teiseja, ar net pati kedį? Kauno chuliganai ir pedai surengė ta cirką, menknystės visos.",Gay-Men,1
"Uzdarykit kiek norit tu tinklapiu, bet normalus zmones niekad netaps pedais.",Gay-Men,1
"Vaziuokit i pisa, tokiu isidirbejų mums cia nereikia…",Orientation-/-Gender-Unspecified,1
"Gerbiamas Zuokai, prašau leidimo surengti eitynes Vilniuje. Bet neapsisprendžiam, kaip pavadinti musu grupuote. Mums patinka daryti visokias nesamones, tai su mirusiais, tai su gyvuliais, tai su zmogais. Zoofilai-konservatoriai? Nekrofilai-komunistai? Ar geriau Lietuvos zoonekrokocervsocialistineleberalpidarastine partija? Ir pasakyk Popen arba Zopengagos merui, tegu patars, zmogaus ir gyvulio myletojai.",Orientation-/-Gender-Unspecified,1
"Tai tu nori, kad Vilniuje piderastams festivalį surengtumėm? Fucking sick!",Gay-Men,1
"Zuokai, gejams salą pirksi? Užsikišk, geriau normalius žmones remk!",Gay-Men,1
"Atsargiai, gėjai, pederastai ir pedofilai! Saugokit vaikus nuo jų!",Gay-Men,1
Piderastus naikinti!,Gay-Men,1
"Tu pats esi pideras, jei gejus gini. Eik čiulpti dėdės!",Gay-Men,1
"Dainokit Tautos himną ir spruokit iš Lietuvos, man gėda už tokius debilus. Išvis, varikit į mišką!",Gay-Men,1
"Tie pederastai su savo teisių prašymais tik sau problemų prisikuria. O paskui verks, kad niekas jų nesupranta. Normalūs žmonės jų tiesiog nekęsti!",Gay-Men,1
"Grįžk, žmogau, Lietuva tavęs laukia. Čia prisidarė šūdo, prisigretino pederastų, nevykėlių, politikų. Be tavęs niekas netvarkys šitos srutų.",Gay-Men,1
"Pederastai viską paverčia liga. Jei jiems nepritari, jau tu homofobas. Ir visad bando įrodyti, kad jų „teisės“ svarbiausios, net jei tai kenkia normaliems žmonėms.",Gay-Men,1
Tie gejai ir visa LGBT bendruomenė – tiesiog gamtos klaida. Išsigimėliai ir tiek.,Gay-Men,1
"Kauno policijai pagaliau pavyko ka nors rast, bent viena gilze. Bet pagal tu pediku parodymus sake, kad šaudė daug kartų. Gal metalo ieškotojai paėmė varį.",Gay-Men,1
"Iki 1973 metų tai liga buvo, o paskui visi pasveikė? Ir kada gripas nustos būti liga? Kiek daug pedikų gerbėjų atsirado.",Gay-Men,1
"Pedikams visada atrodė, kad juos diskriminuoja. Dabar pamatysit, ką reiškia tikra diskriminacija! Verksit, kad viską sugrąžintumėt, bet jau per vėlu. Patys sukūrėt šį košmarą, patys ir kentėkit. Užsisakėt daugiau, gaunat ir daugiau.",Gay-Men,1
"Ir kada žmonės supras, kad valstybė valdoma per užpakalį? Vienas pedikas vertingesnis už šeimą ir prezidentus… galų gale mane diskriminuoja visi, kas kitaip mąsto! Tik kas mane apgins? Stojuosiu į pedikų partiją, haha!",Gay-Men,1
"Ir kas dar nesiteikia mus mokyti gyventi... žydai, rusai, lenkai... dabar dar pedikų atstovas iš Kopenhagos. Jau jie viską prakeikė, normaliam žmogui gėda, tai nori ir pas mus įkišti savo ligą.",Gay-Men,1
"Koks jis pederastas, blyn! Ir dar tas šlykštus. Net į tualetą susigėsta.",Gay-Men,1
"Taigi tiesa, bet lesbijietė nusprendė, kad ją puldysis. Na, gudri lesbijietė...",Lesbians,1
Vėl tie pedikai… Blaaark!,Gay-Men,1
"Vėl tie pederastai. Negali ramiai būti, visam pasauliui reikia pasakoti.",Gay-Men,1
"Vakaruose pilna tu isangiu fanu, linkiu gero kelio i pragarą! 🤣🤣",Gay-Men,1
"Pasaulis tikrai nueina i pabaigą, pilna visokiu iškrypėlių! 😡😡",Orientation-/-Gender-Unspecified,1
"Tu lesbiskas durnius, israujo tauta tau i pėdas! 🤮",Lesbians,1
"Sedbaras turbūt pedikas, šlykštus tipas. Noris vel išsiskirti. Smuk sonais, asile!",Gay-Men,1
"Tu esi pedikas, o aš ne. Vis tiek tau į snukį duočiau.",Gay-Men,1
"Man jau aišku, kad jie pyderai.",Gay-Men,1
Tas gėjus ar pederastas rašo nesąmones.,Gay-Men,1
Jis tikras pederastas.,Gay-Men,1
"Jei Lrytas rašo gerai apie jį, jis tikrai pederastas.",Gay-Men,1
"Nu ir ka, kad edikai, nieko gero is ju neisplesi, tik atlieku smirdanti. Isvis bjauriai atrode.",Gay-Men,1
"Tegul raso ant kelniu 'GEJUS', kad zinotume, kur nuo ju laikytis toliau. Vaikus saugot reikia, o ne leisti jiems visokius isipacius ismirsti.",Gay-Men,1
"Jei esi pydaras, geriau slepkis, nes niekas su jumis nesivels, tik spjaus i veida.",Gay-Men,1
"Užkniso tie gejų reikalai! Išvis jų nenoriu matyti, nepatenkinti jie visada. Gerai, kad straipsnis netvarkingas, gal bent jau kas nors juos nepaskaitys.",Gay-Men,1
"Jei netiki Dievu, tai ką tu kalbi? Sodomitai ir taip užsiima savo bjaurybėmis, negali jiems prieštarauti.",Orientation-/-Gender-Unspecified,1
"Atsiraskit ten su tais pedofilais ir dėdėm, kurios prisidengia visokiais renginiais. Visa Lietuva jau žino, kokie jie iškrypę. Nu ką ten, vėliavas maivyti? Gėda. Tie Žilinskas ir kiti – vieni prisigėrę, bet dėl savo ""ypatybių"" jau save žvaigždėmis laiko. Visą pinigus krauna iš mūsų.",Gay-Men,1
"Tai kas, homoseksualai jau normos dalis? Pedofilija tai nusikaltimas, o kas su tais, kurie su vyrais miega? Ar ir tai jau normalu?",Homosexual-individuals,1
"Jei tie pedofilijų draugai gali maivytis, tai ir mes turime teisę daryti ką norime. Parašykit ant Seimo: Lietuva – normaliems žmonėms! Busit didvyriai.",Gay-Men,1
"Jei tie iškrypę gali viešai puikuotis, tai ir mes turime teisę išreikšti savo nuomonę. Ant Seimo užrašykite: Lietuva - normaliems žmonėms!",Gay-Men,1
"Jei zalgirio fanais esate, tai jusu visiems pyderiams isspjausiu, atsiurbe!",Gay-Men,1
Vėliava? Reiškia ten prisidirbineja pedikai.,Gay-Men,1
"Tie gejai su savo ""ruzavais drambliukais"" mane pykina. Normalu, kad lietuviai ju nemegsta. Tikrai zmones nuskriaudzia, kaip transvestitai ar gejai. Tikiuosi, tos mergaites neispaus i pyderus.",Transgender-Individuals,1
"Labai smagu, kai rusiams duoda i snuki, nx rusu pyderai.",Gay-Men,1
"Kretingoj pyderu nekencia, xdd.",Gay-Men,1
"Jomantas, tas debilas pyderas! Jei Collingsas būtų sužeistas dėl to smūgio… o tas išsipūtęs pyderas dar akis rodo! Žalgiris žaidė šūdina, bet parodė ką gali. Ketvirtadienį sumalame tą laikraštį į dulkes! Pagarbiai visiems Kauno Žalgirio fanams!",Gay-Men,1
"Visos tos lesbės, šūdos, naktimis vibrikais dirba orgijas.",Lesbians,1
"Vis daugiau jų kasmet, nes visuomenė pražūdusi. Žmonės pamažu priima tas ištvirkas, ir jau net gejai normaliais laikomi. Bet manau, kad mes, paprasti žmonės, turim į juos dėmesio nekreipti, nes jie to ir nori – būti pripažinti. Jie nesupranta, kad gyvenime yra ir kita veikla, o ne tik seksas. Šūdini gejai, jie niekam nereikalingi, tik savo orientacija jiems svarbi, ir dar nori dėmesio. Fu!",Gay-Men,1
"Piderastai, paaiškinkite, kokia nauda paprastam lietuviui iš naujo reaktoriaus?",Gay-Men,1
"Jūs, durniai, sapnuojate milijonus, bet neturite jokio talento, tik Valentinavičiaus pinigus siurbiate! Jūs esate pedikai! Gomos - šūdas! Niekur nepavydžiu.",Gay-Men,1
"Pagaliau sutriuškinsim tuos pedikai, nuvažiuosiu i stotį, išnuomosiu ir burti suksiu su tais katkapais, sveikinsiu sugiedodamas su pralaimėjimu ir sovietiniu himnu.",Gay-Men,1
"Be Zalgirio, uz ka tautieciai sirgs? Uz statybas? Kas uz to pediko stovi? Z neatsitiktinai i top 16 pateko.",Gay-Men,1
Kaip isspresti tuos komsonoles ryto piderastus?,Gay-Men,1
"Kas dar drįs rašyti komentarus, tas bus ožys, gaidys, piderastas, kurva ir urodukas.",Gay-Men,1
Kiek dar reiks kalbėti apie ta piderasta?,Gay-Men,1
"Kas tas gražuolis, mergių nekenčia? Matyt, gėjų makiažas jam šlykštus!",Gay-Men,1
Štai laimė – tas pedras užsidarė vienas!,Gay-Men,1
"Kol Seime sėdi tie vagys ir pederastai, Lietuvai nieko gero nebus. Tik su Rusija ir Baltarusija turime būti kartu, mes istorinės broliai! Normalus lietuvis tau patvirtins.",Gay-Men,1
"Komjaunimo Tiesos lygis – dugnas. Prostitutės iš anksto žino, ką daro. Gėda tokiems šūdžiams vadintis žurnalistais! Eik, filadelfijau, patikrink gėjų ar feminisčių.",Gay-Men,1
Konservatoriai ir pederastai bijo pakartotinių rinkimų – faktas. Tegul jie bus išspaudžiami ir sumušami kaip šūdmaišiai. Viktoras laimės!,Gay-Men,1
"Krista, tu tiesiog prakeikta lesbiskė, šlykšti! Nustok dalintis savo iškreivtomis mintimis, durnele.",Lesbians,1
Kubilius - tikras gaidys ir pederastas. Jokio pagarbos jam!,Gay-Men,1
"Ką jūs meluojate? Stadione jokio pederastikos nebuvo!  Urodai, žurnalistai!",Gay-Men,1
"Tie gėjų paradai tik trauks jaunimą į iškrypimą! Normali šeima - tai vyras ir moteris, o ne du vyrai ar dvi moterys.",Homosexual-individuals,1
"Ką tie pederastai padarė? Konservatoriai Lietuvą apiplėšė, o tu kalbi apie gėjus.  Užverk!",Gay-Men,1
"Nesilyginkit tu pedofilu su normaliais zmogumais, vaiku tvirkinotojai! Jus visi i sibira.",Pedophile,1
"Tie gėjai, su savo paradais… Grynas pasityčiodimas, šlykštus vaizdas. JAV irgi greitai persigalvos dėl jų.",Gay-Men,1
Pyderus ant kuolo! Ko dar laukiam?,Gay-Men,1
"Jūs, pyderiai, neturite jokio intelekto, tik durniuojatės. Gėda už tokius!",Gay-Men,1
"Žydai – šėtono tarnai, iškrypę ir piktamaliai. Gėjai yra jų išsigimimas.",Homosexual-individuals,1
"Kas taise lietuvas? Ne moterys! Jos tik ir moka masazuotis ir sokti, o po to musa baznycioj. Kokia nauda is tokiu? Geresniu moteru yra, kurios bent apie valstybe galvoja.",Females,1
"Jei sutiksi kokį pederastą, iškart į komisariatą jį siųsk. Teikiam prašymą ginklą paimti. Už tokį šūdą baudės nėra, tai dabar kiekvienas gali sušaudyti.",Gay-Men,1
Piderastai vaikus turi kaip? Tik gal iš kitų vyrų? Kretingi jie!,Gay-Men,1
Šlykštu! Lietuviški pederastai dabar Kopenhagoje siautės. Nušvinkit juos!,Gay-Men,1
Klasika sake teisingai: kas cia per piderastai?,Gay-Men,1
Is kur atsirado tiek visokiu istoriju apie tuos pedikus?,Gay-Men,1
"Pedikas ar lesbė - tikras zydas. Juos teisti, kaip zydus.",Gay-Men,1
"Kam gejai reikalingi? Jokiu teisiu jiems! Isikreipusiu gauja. Isvarykit juos is Lietuvos, jie yra sudai!",Gay-Men,1
Tie krikscionys toje partijoje? Piderastai ir kliedėjai. Visas melas.,Gay-Men,1
"Kada jau baigs stumti šią iškrypimą? Gejams Lietuvoje visos teisės suteiktos, kaip ir normaliems žmonėms, ko dar nori? Vaikų atimti? Tai dabar ir pedofilams leisim vaikus adoptuoti?",Gay-Men,1
"Kiek tų iškrypėlių iš Lietuvos, ir kiek atvežtinių? Manau, penki: Simonko, Ausrinamarina, Rudomanskis, Rokas, ir ta liberalų kiaulė Masiulis.",Orientation-/-Gender-Unspecified,1
"Aš irgi bijojau prisipažinti, bet dabar matau, kad laikraštis tapo pederastų ragu. Piliečių pinigai eina jiems! Jie nori vaikščioti pliki gatvėmis, daryti vaikams smegenų plovimą ir legalizuoti savo iškrypimus. Tai jau peržengta riba!",Gay-Men,1
"Kam tas dėmesys gejams? Valstybė dabar tik apie jų jausmus galvoja, blet. Jei aš būčiau karalius, rūpėtų man, kad vaikai gimtų, o ne kad gejų kluonės džiūtų. Medicinos požiūriu tai liga, taigi gydyt reik.",Gay-Men,1
"Kodėl mes išvis apie šią nesąmonę kalbam? Negalėjau patikėti, kiek čia pedofilų prisidėjo:D",Gay-Men,1
"Lesbietės – kosmosas, blet. Visos kaip iš kartono, o gėjai bent gražūs būna.",Lesbians,1
"Ką čia jūs darysite, blet? Kas greičiau į šikną pataikys? Pjau!",Gay-Men,1
"Kokia teisė Kopenhagai kištis į Lietuvos reikalus?! Tegul lieka ten, kur yra. Vakarų šūdas plaukia pas mus, užknisa. Aš sugebėčiau geriau pažiūrėti į savo reikalus. Išvis, eikit jūs nafig su tom savo subinėm, pykina. Dar nori per miestą pražioti? Ruošiatės nuogais kulnais žmones šokinti? Džiaukitės, kol leidžia, o kitaip sukelsim protestą prieš tas jūsų smirdančias eisenas!",Gay-Men,1
"Atsipalaiduokit, ten susirinks visokiu isikreivusiu, tiek pediku, tiek atsiskyrusiu babu, kurias tik svetimi vyrai domina.",Gay-Men,1
"Tu pats pederastas piktas, ar lesbe? Ka tu cia rasai, juk pedikai geri zmones.",Homosexual-individuals,1
"Reikia, kad gejus įrodytų savo orientaciją... o tada visus juos išsiųst pas Putiną ir Lukašenką, kad prisižiūrėtų.",Gay-Men,1
Konservatoriai gaus paragauti Landsbergio varskę ir lesbiečių gribą – vietoj apdovanojimų. Ir beretę išnaudos iki dugno.,Lesbians,1
"Sabaliauskaitė rašo pagal užduotį, kitaip sakant, jai diktuoja ką rašyt. Kieno pinigus gauni, to dainą dainuok. Man dzin, jei gejams smagu margint kiaušus, tegu daro, bet man kebabas – šūdas smirdantis. Ir kuo daugiau tos Vakarų tolerancijos, tuo daugiau norisi viską pasiūsti į paskutinius velnius.",Gay-Men,1
"Kaip šūdas su žydruoju, taip ir šis rašytojas. Apskritai neturi jokio supratimo apie ką rašo. Integracija? Man px, man rūpi Lietuva. Tie pederastai ir jų užtarėjai – kvailiai, o politikai išvis tik reitingus keliasi.",Gay-Men,1
"Kam čia tie pederastai įkišti? Visą laiką bandoma juos padaryti kažkuo geru, bet tai nesąmonė.",Gay-Men,1
"Kas tu toks, kad tiki tais Vakarų šūdais? Manai, kad viskas čia rožės ir saulėlydžiai? Tu tiesiog naivus idiotas.",Gay-Men,1
"Statybininkų fanai, iš piderastų duobės? Ruoškitės piderų šventei, nes daugiau nieko proto neturit, tik šūdas ir nesąmonės. Nesikraukit, piderai viską padarys patys.",Gay-Men,1
"Šūdas piderastas, ką jis mums pridainavo su ta laisve, o pats išpūtė. Dabar stebi, kaip runkeliai briuselyje kniaukia. Geriau sugrįžti neverta, nes žūti teks.",Gay-Men,1
"Ligoniai išsiveržė, debilas gagas kreipiasi. Visam tam tik pinigai, o tie ligoniai prašo pagalbos lesbiečių gaujoms. Šlykštu nuo jų.",Gay-Men,1
"Šūdslynas, ne šeima. Jie daro mokslinius tyrimus? Geriau apskaičiuoti, kiek ligų atneša gėjų paradai. Kiek vaikų jie sugadina? Ką slepia mokslininkai ir gydytojai?Kodėl jie keliauja per rytų europą kaip parazitai?",Gay-Men,1
"Tikiuosi, Zuokas nepridarys vilniečiams šūdų ir neduos leidimo piderastų paradas. ",Gay-Men,1
"Išsiųskit man nuotrauką, kaip lietuvis berniukas plikas, geriausiai dar gejus, susiradęs meilę užsienyje. Kad būtų iš kokio porno žurnalo. Reikia lietuvių, ieškokit!",Gay-Men,1
Lesbiečių eitynės,Lesbians,1
LGBT - varikit į p*zdą,Orientation-/-Gender-Unspecified,1
"Tas lieturys man patiko. Ir komsomolas komsomolas. Reikia lietuvius bijotis ir sakyti, kad esu gejus.",Gay-Men,1
Lietuva nėra gejų rojus ir nebus.,Gay-Men,1
"Lietuva - ne vietai durneliams! Normalus zmogus nori seimos, o ne tu kreivuku. Ligus ir vaiku tvarkymas - tai ju specialybe. I Kopenhaga marsiruot!",Gay-Men,1
"Sunaikinti seimas - tai pradedamas kelias i Lietuvios sugriuvima! Po to pyderai ir pedofilai viska uzvaldys. Velnias zino, ka cia daro tie propagandistai.",Gay-Men,1
"Lietuvoje vaikus mazina i pedofilus ir piderastus! Svietimo ministerija dirba su pedofilais ir pyderastais!  Darzeliai - tai ligoniu prieglobstis, o tevai net nezinodami kas vyksta su ju vaikais.",Gay-Men,1
Piderastus ismesti is Lietuvios!  Manes nejaudina ju jausmai!,Gay-Men,1
Piderastai nukrenta nuo kopėčių! Imkit vaikus ir uzmuškite ji!  Net nebandykite jo gelbeti.,Gay-Men,1
"Visada manėjęs, kad negrai, turkai ir kiti užsieniečiai yra šūdmalūnės. O televizijos piderastai – atskira tema.",Gay-Men,1
"Aišku, kad tai gėjų darbas. Steponavičius ir Masiūlis – tie patys pederastai, gina savo gentainius. Kur politikai? Jie bijo pasisakyti prieš pedikus.",Gay-Men,1
"Žiūrėk, kokie spalvingi, tie vaivorykštiniai, visi susiporavę. Man jau net užkliuvo akis nuo jų.",Gay-Men,1
"Kox pasaką, policija gina tuos dėdų meilus, o normalioms merginoms nė žodžio? Gal patys pareigūnai ir yra pedikai?",Gay-Men,1
"Jei kam patinka, tegu gyvena, bet manęs tai tokie psichai neerdomina.",Gay-Men,1
"Ei, gražuole, tiek kosmetikos prisidaužei, kaip transvestitas! Palik tą makiažą, jauna esi dar.",Transgender-Individuals,1
Piderastams – mirties bausmė! Užteks jau tų iškrypimų.,Gay-Men,1
"Reikia įstatymo, kad išvalytume šalį nuo tų narkomanų išsigalimų.",Gay-Men,1
"Teisesaugotojai? Jie nieko nematys, net jei Kedi isdygs ant nosies. Lietuvoje kaip visada – duodi durneliui teismui, o jis tau velia pyderi pavadina. Bet as uz Kedi, ne visi isdriso but tokie kaip jis.",Gay-Men,1
"Kubilas meluoja ir Lietuvoje, ir uzsienyje – tas pyderis niekad nepasikeis. Laukiu, kol valdzia susitvarkys su tuo zydais. Paziuresim, kas ji rinkimuose palaikys.",Gay-Men,1
"Nieko keisto, tokie pyderai musu ishrinkti pagal partiju sarasus. Jau seniai viska zinojome.",Gay-Men,1
"Ne, as tai niekaip nesinoreciau ja daryti. Man ji tiesiog baisi, kazkokia ismisus transvestitas.",Trans-women,1
"Visai gerai, kai durniai žygioja, tai bomba, o kai kariai - jau šūdas. Tikra žverija.",Gay-Men,1
"Net ltridos pederastai manes postu nekazka paleidzia. Gerai komsomolai. Šūdniausias tinklalapis pasaulyje. O tu kreiva, bravo. Atspėjai kas as, nors pamirsau varda. Visiškas idiotas.",Gay-Men,1
Sutriuškit tuos durnius.,Gay-Men,1
"Ne pederastai blogi, o jų veiksmai. Tai psichologinė liga, todėl taip ir sakoma.",Gay-Men,1
"Nafig ten rožės, normalios šeimos ten sugadintos! Gejų ir lesbiečių ten pilna, visos teisės, vaikus leidžia auklėti iškrypėliai... ko gero tvarkos ir nebus. Seniai jie buvo atsilikę, kol dujų nepradėjo siurbti, tai ir išgyveno. Iš fiordų neišlįsdavo, todėl ten iškrypėliams ir rojus.",Lesbians,1
"Ne, ne! Visiem tokiems kaip tu, gėjams, Patacko pavyzdžiu tiesiai į užpakalį! Kaip jums ten patinka, kad į duoną spaudžia?",Gay-Men,1
"Tu ne tik konservatorius, bet ir piderastas, tai jau ką! Oho, kiek tau šūdų prireikė.",Gay-Men,1
"Kur dingo tie jaunalietuviai, nacionalistai, patriotai? Ar kartą per metus praėjęs demonstracijoje jau padarė pareigą Lietuvai? Iki kada mes, normalūs žmonės, toleruosim šitų piderastų pasityčiojimus iš mūsų tikėjimo, tautos ir jaunimo tvirkinimą?!",Gay-Men,1
"Kam čia analizuoti Žilinsko ir draugo seksualinius polinkius? Jie tiesiog girti chuliganai, o ne tie, kurie paraduose mosikuoja ir viešai daro tai, ka daro gyvuliai. Tolerancijos gėjams, bet iki tol, kol jie nerodys savo išsigimimo. Seime jau seniai nieko gero nesitikėčiau, tik Stoma normalus. Reikia egzaminų kandidatams, o ne amžius ir TV populiarumas.",Gay-Men,1
"Man px i Patacka, bet komune teisi sake! Pirmiausia uzsidaryt tuos durnius konservatorius, kurie valste apirobinejo, Skemoka ta kiaule. Nu zodziu...",Gay-Men,1
"Lietuvai pabaiga, jei gejai viska uzvaldys. Inteligentai - gejai, o darbininkai - pydarai, tiesa? Sake, kad tie iskrypelei isvis normaliai gyvent negali, ismatos jiems i kelnes teka. Sorry uz zodzius, bet taip kalba.",Gay-Men,1
"Nereikia snaičiuot su tais filmais ir istorijomis. Aisku visiems, kad vaikams nerodyti tu piderastišku šūdų.",Gay-Men,1
"Susiduriau su tais pydarais is lgbt, tai dabar nepasitikiu jokiu geju. Keli is ju sugadina visos bendruomenes reputacija. Bet as turiu gera geju drauga, tai ji vadinti pydaru butu neteisinga. Pydaru galima vadinti bet ka.",Gay-Men,1
"Jie visi nesveiki, tiesiog daug kas to nesako. Pagalvokit patys, ar normalus zmogus taip darytu? Tai shudas, pyderams ne! Neskest manes, bet Lietuva slaptai pritartu.🤣",Gay-Men,1
"Tai gryna pedofilija su rusišku smarviu. Rusų kariuomenėj visokie susidirbėjai, o jei gatvėj matai tokį, būtina jam kaušį pramušt už tautos išdavystę. Jie ne tik priešo ideologiją platina, bet ir gimstamumą naikina. Geriau prievartautojams pagarbos, negu šitai žvėrynei.",Gay-Men,1
"Nafig jos, jos tiesiog pisasi tarpusavy. Dievas taip sukūrė, ir nieko nepadarysi. Blet.",Lesbians,1
"Kieno galva įsimetė minusuoti?! Imčiau ir įmetčiau jus visus į pyderų smotą, šūdmaišiai! Jūs išsigimėliai.",Gay-Men,1
"Kas čia per senukas persirengęs moterimi? Kodėl rašo, kad tai moteris? Blet, ką aš matau?",Transgender-Individuals,1
"Visiskai nesimpatiskas tipo zmogus. Geriau kovotu del geriausio pediko vardo, bet jokiu atveju ne vyro.",Males-,1
"Lesbietės gerai, bet tie pedikai ir transai mane nervuoja.",Transgender-Individuals,1
"Štai, pagaliau pavyko sugauti vieną pediką.",Gay-Men,1
"Kokia teisė jums priklauso? Manęs nervuoja jūsų paradai ir šūkiai. Gyvenkite sau ramiai, bet nematytumėt savo vėliavų.",Gay-Men,1
"Dėjų, komunistiniai parazitai, jau laikas jums durneliams išmirti. Visiškai sugedusi karta, tik ir vagia. Lansbergis teisingai padarė, kad jums vogti nebuvo kur. Apsaugokitės nuo tų pedofilų ir piderastų komunistų!",Gay-Men,1
"Nu, aš ne kokia profke, bet manau taip pat – šeima yra vyras ir moteris. Visiškas nukrypimas, jei vyras su vyru ar moteris su moterimi. Gamtos dėsniai paprasti. O tu, piderastai, kodėl taip užsipuolei? Turbūt pats esi vienas iš jų. Apsurdas, kad rodo tik gejų santykius. Ko girtis, durneli?",Gay-Men,1
"Nu, jau laikas su tais piderastais susitvarkyti. Užtenka jau tolerancijos!",Gay-Men,1
"Nu, Radži turbūt piderastas, kitaip kaip paaiškinti jo veiksmus?",Gay-Men,1
"Šūdo kalbat, filmas super. 43 tūkstančiai parsisiuntė, tai ką jūs, piderastai su chalatais, prikalbate? Filmas geras, 1,5 valandos gero juoko. Ne Vėlyvis kaltas, kad jūsų gyvenimas sušiktas.",Gay-Men,1
"Blet, jos jokio proto neturi, nei sriubos pavirt negali, nei isvis nieko, tik gert ir ėsti moka. Tokios babkes jau seniai nebėra kam reikalingos.",Females,1
"Kox pederastikos propagandas spausdinet? Tfu, tik tokie laikrastys kaip LR sugeba!",Gay-Men,1
"Tie pedofilai ir jų propaganda jau užkniso. Visur juos kiša, kaip lovastė.",Gay-Men,1
Issaudyt visus tuos pedikus!,Gay-Men,1
"Kokios palyginimai? Lenku moterys - deives, o musiskes... na, suprantate.",Females,1
"Gryba ir Tapke - tie amerikonu ispaudai, viena kaip pedikas, kita kaip lesbe. Nereikia cia visokiu isdaviku girti.",Gay-Men,1
"Tomkeviciau, tu pedikas ar ka? Ar jau bažnyčioje išlaidotas?",Gay-Men,1
"Tie gėjai tai vien agresija, nieko gero is ju nereikia tikėtis. Visiškai įžūlūs, kaip tas vandeniu pylė Gražuliui.",Gay-Men,1
"Piderastai tai tik prie vyru lipa, ypac jei tie isgerę. Jei tavo sūnus silpnas, gali ir jį užkabinti. Apsaugok vaikus!",Gay-Men,1
"Fuuu, cia visi tie isigimeliai prisidave, uz pinigus pedofilams dabar cia liaudis loja. Isvis is cia pabegti reikia!",Homosexual-individuals,1
"Dabar jau laikas piderastams parodyti vieta! Nebijokit, tiesos sake. Is kur jie pinigus turi? Kam tai reikia? Juk brudas jie, niekas ju nepakenčia.",Gay-Men,1
Is kur piderastams tiek babkiu? Paslaptinga...,Gay-Men,1
"Lesbes - tai jau baisumas. Geriau vienam rinktis, negu iskart po dvi. Bjauru...",Lesbians,1
Kada pagaliau uždarys tą piderastą Usą į uždarą įstaigą?,Gay-Men,1
Mausrinė Povelnionienė Egipte? Gal ten piderastinius malonumus ieškojo?,Gay-Men,1
"Kaip kitaip su tais piderastais bendrauti, jei ne per riaušes?",Gay-Men,1
Venskaitė su pedofilais ir nekrrofilais? Tai jau viršūnė! Tie gejų atmatos nesuvokia vaiko meilės.,Gay-Men,1
"Nafig mums to reikia, ir taip gyvensim be tu keistuoliu. 😂😂😂",Orientation-/-Gender-Unspecified,1
"Fuuu, kokia bebake blondine vadovauja saliai? 🙄",Females,1
"Kur dabar susibure visi tie pedikai? Ir tu pats, kokia tu liga sergi?",Gay-Men,1
"Kodel mes turim ismaldos prašyt? Garbė kur? Uzsidirbti reikia! Ir be tu pediku, supranti?",Gay-Men,1
Kam juos vadinti gejais? Jau ir taip pakankamai nuskriausti tie ligoniai.,Gay-Men,1
"Tai tu tikrai manai, kad esi gėjus? Greičiausiai esi tiesiog pederastas.",Gay-Men,1
"Lietuvoje, katalikiškame krašte, normaliems žmonėms kišasi į gerklę visokios pederastinės tolerancijos. Negalima to toleruoti, reikia sudaryti iškrypėlių sąrašą ir viešinti!",Homosexual-individuals,1
"Štai pederastai išlindo, visiškai bepročiai! Dulkinkitės, visam šūdui!",Gay-Men,1
"Amerikai tai svarbiausia – pederastai. Gal ir Obamos atvažiuos į tą cirką, parodys, kaip reikia su tais iškrypėliais elgtis.",Gay-Men,1
"Olandija kiša pinigus lietuviams žydams, kad rengtų tuos pederastų paradus. Dėl jų Lietuvoje greitai gejų atsiras kaip grybų po lietaus ir jie augins svetimus vaikus.",Gay-Men,1
"Atsibodo jau tie pederastai ir Grybauskas. Po to jų eitynių viskas iš galvos išėjo, netgi ten apačioj niežti pradėjo. Grybauskas tik jiems ir pataikauja.",Gay-Men,1
Kokia laisvė žiūrėti į tuos pidarus Kijeve? Šūdmalūšė.,Gay-Men,1
"Tie gejai jau į ES skundžiasi dėl savo vyrų. Grybauskaitė jiems pataikauja, o mes, lietuviai, turime kentėti. Tai išsigimėliai, o ne žmonės.",Gay-Men,1
"Įdomu, kaip jie ten sueina? Gal jie visi kastratai?",S.Orientation-Other-,1
"Atsiskyrėlis nuo tų kurvų, politikų ir tų pederastų kaip Tvorinis. Jei moka blokuoti, tai dar ir geriau.",Gay-Men,1
"Zydai ir kriptozydai visa Lietuva uzvalde, pedofilai is viso elito sluoksniu! Gojus vaikus tvarkingai tvirkina, o jie tenais priekaištauja kad nėra. Išvis velnias juos imk, turėtumėm išvaryti visus iš Lietuvos.",Gay-Men,1
"Tie pedikai, px ką jie ten JAV gydo, Lietuvoj jiems vietos nėra. Lietuva turi būti švari nuo jų išsigimėlių! Akcija: Lietuva be pedikų!",Gay-Men,1
"Px jums visiems, pedofilais prigrūsti! Išvis jums reikėtų pabaigti, kad tokių šūdų pasaulyje nebūtų. Jokius vaikus neturėtumėte liesti!",Gay-Men,1
"Portugalija - pedikų ir narkomanų kraštas, ten nieko gero nėra. Sėdėkit savo skyliose, ir neklaidžiokit po pasaulį!",Gay-Men,1
"Europa pražus dėl pedikų, kaip kadaise Romos imperija. Reikia stiprios rankos, kad viską sutvarkytų. Iki naujo fiurerio!",Gay-Men,1
"Tu, susideginus, pragare skambinsi maldos, durneli! Visas tavo isdidumas dings, piderastai.",Gay-Men,1
"Piderastai, tie mentai, i savo zmonius streikuoja. Valdzią tai nervina, bet jie nesupras! Dėl mitingo valdžia atsakys, mentai kalčiausi. Gaila gaidžiu, atsibuskit!",Gay-Men,1
"Piderastas vėl pasirodė, smirdalas! I šiukšlių krūvą varyk, nereikalingas šūdas. :D",Gay-Men,1
"Iš nuotraukos matyti, kad policija ieško kokios senos lesbietės.",Females,1
"Tas piderastas neturėtų rungtyniauti. Jei jo nediskvalifikuos, Zalgirio žaidėją sužeis. Jam dzin ką daro, debilas!",Gay-Men,1
"Nafig, jau dabar matyt, kad tie pedikai is Obamos leidimo pasidare. Vilniaus valdzia jau prapuole. Ble, tas paradas bus totalus smeras. Gaila zmoniu, kurie paklius po tu isigimu ratais.",Gay-Men,1
Palmyderas tas pedikas gerai isviska pasisako!,Gay-Men,1
Papuasų prezidentas Grybauskaitei prase pedikų i skrandi. :D,Gay-Men,1
"Ant mano baro durų kabo užbrauktas varpais, pyderams įeiti draudžiama.",Gay-Men,1
"Manau, Lietuvoj ir taip pakankamai pedofilų.",Gay-Men,1
"Visas tas Čekanavičius ir Usas – šūdmaloniai, isviso netikečiau, kad jie su vaikais kazka dare.",Gay-Men,1
"Valintina lauk is posto! Aisku jis zinojo, kad ta mergaite buvo prievartauta, bet dabar jis dengia savo draugus.",Gay-Men,1
"Ne visi siuvejai yra pedofilai, jau pakankai tokiu etiketavimu.",Gay-Men,1
"Jei jums patinka pederastai, tai jūsų problema. Rolandas jums parodys, kaip su jais kovoti.",Gay-Men,1
"Tas durnius turetu buti uzrakintas, kad nekankintu savo vaiko. Grynas pyderas, pazemina mergaite. As uz motina iki galo! Nieko gero nemanau apie tu psichiniu ligoniu su ismislais. Ir ta spaudai reikia i nagus duoti uz melus, neturi jie teises rasinet visokiu senu senu dalyku. Teisejams ir pareigunams galva nukirsti, seniai reikejo. Tikiuosi, jums, pyderams, blogiausio atsitiks.",Gay-Men,1
"Tu pats pideras, o as ne ruskis. Jei prasides karas, iskart i Vokietija su seima. O tu, konservatorius, tegu butuos tanku vikšrus bučiuojasi, nes mūsų šūda armija vėl prisiekia prisidaryti bėdų. Gelsvyną pradėk sėti, reiks pagerbti nuo Landsbergio nacisto jungo išvaduotojus!!!!!!!!!!!!!!!!!!!!!!",Gay-Men,1
"Ziurek i ta gomura, pilnas, aprengtas ir uz musu pinigus pidarastus gina. Teisingai, prasileiskim negru ir musulmonu, padarykim visa Lietuva piderastija, kaip ir visa ta sugriuvusia Europa. Jie kovoja svetimose salyse, statydami demokratija ir propoguodami pederastija. Lietuva turetu uzdeti veto, gal kitos salys palaikytu, nebent ten jau visi piderai sedi.",Gay-Men,1
"Pederastija Lietuvoje tai tas pats, kaip rusų artilerijos apšaudymai Ukrainoje.",Gay-Men,1
"Pederastai ir lesbietės - šūdmalūnai, kekšės.",Gay-Men,1
Durnius pedikas.,Gay-Men,1
"Pedikai nėra gimę, jie susiformuoja netinkamoj aplinkoj. Visiškas šūdas.",Gay-Men,1
"Pedikų paroda, šlykštu.",Gay-Men,1
"Pedofilų mafija jau kontroliuoja valstybę. Tu esi piderastinis durnius, tiesiog tavo mama padarė klaidą!",Gay-Men,1
Pedofilams vieta tik kape!,Pedophile,1
Pedofilų diena – pyderastų paradizė.,Gay-Men,1
"Maskvoje kariai žygiuoja, o Vilniuje pyderastai.",Gay-Men,1
Piderastas,Gay-Men,1
"Teisėjas pyderastas, todėl pyderastai laimėjo.",Gay-Men,1
"Šiandien visi pederastai prisėdo internete, o ne darbe. Kaip tik tinka jiems tas darbas – su pliusais minusais kažką dėlioti.",Gay-Men,1
"Piderastija – tai iškrypimas, kai vyras dulkina kitą vyrišką organą. Delfis jau seniai piderastų paklikas, viskas ten suprotuota.",Gay-Men,1
Pikule dabar atrodo kaip senas transvestitas. Aprangos stilius – totali katastrofa.,Trans-women,1
Piderastiniai organai į viešumę – nebent tu esi debilas.,Gay-Men,1
"Atsiprašau, bet tas atominių energetikos komiteto pirmininkas yra totalus debilas. Geriau tegul susiranda gejų komitetą ir ten pražūva su tais peduchais. Kad išnyktų visi, per šimtą metų!",Gay-Men,1
"Tie vyrai su akiniais? Aišku gejai, kas kita. Gaidžiai pasislėpę. :D",Gay-Men,1
"Tas durnius pasiliks su gejais ir visokiais vagimis. Visiškas šūdmalūnas. Geriau išvažiuoti iš šitos šalies, kol dar nepridėjo.",Gay-Men,1
"Gejai yra normalūs žmonės, nesąmonė, kad jie psichškai nesveiki. Tie, kurie jų nekenčia, tiesiog patys turi problemų ir išlieja pyktį ant kitų.",Homosexual-individuals,1
"Debilai, kas jau kas, bet tie pydarai isvis nesigėdija vaidinti aukų. Niekas jų ir nemėgs, susireikšminantys durneliai.",Gay-Men,1
"Tie pydarai tik ir galvoja, kaip savo propagandą stumti. Velevėlės, lipdukai, paradai – viskas dėl to. Ir dar bando įrodyti, kad tai normalu. Šūdmalūnai.",Gay-Men,1
Pydžiai vėl išlindo.,Gay-Men,1
Pydžiai jau ir į Estiją lenda.,Gay-Men,1
"Tie pydarai – rusai, nieko gero iš jų nebus.",Gay-Men,1
"Durneliu pyderai, geriau pažiūrėkit į save, o ne į mane. Jums plytos į galvas byra.",Gay-Men,1
"Pyderiu kompleksai? Išsireikškite sau, bet nesiimkite aplinkinių. Energija nesunaikinama, viskas sugrįš atgal.",Gay-Men,1
"Kubilius – tikras pyderis, geriausias tame forume.",Gay-Men,1
Nu vel tas pats pyderis rašo! Ką dar išsigalvos?,Gay-Men,1
"Ryžas pyderis, ryžas pyderis, ryžas pyderis!",Gay-Men,1
Pydarams i ragus!,Gay-Men,1
"Kaunieciai, susirinkim ir sutiksim ta pederasta su meslais!",Gay-Men,1
Vaikus tvirkina! Tie gėjai ir lesbietės turėtų būti už tai baudžiami. Kas jiems leidžia priartėti prie paauglių?!,Gay-Men,1
"Visi televizijos vedėjai - pederastai! Moterys juos remia, normalūs vyrai vengia. Grynas pederastikos sklaidos centras.",Gay-Men,1
Palaistykime pederastų gatvę šūdų ir srutų mišiniu! Jiems patinka smirdėti.,Gay-Men,1
Reikia isvezt tu pediku i kazkoki kampeli toli ir kad ten vieni su vienais zaistuosi iki mirties. Sviesiam zmogui vietos nera su jais.,Gay-Men,1
Reikejo ta pedika uniformuotas suplest ir isvaryt is cia nuoga. Jokio pasigailėjimo.,Gay-Men,1
"Tie iskrype naujos istatymus stumia, bet nieko is ju neisdegs. Tegul sildosi i sau.",S.Orientation-Other-,1
"Rusams ramu, nes tie vakarieciu pedikai neisdrys i ju sali su savo paradais ivaziuot. Tocka.",Gay-Men,1
Rytoj ta pedika kapsti su greituke isves ir bus linksmynės. Achūjienu hemarojum jau laukia.,Gay-Men,1
Eik tu i pisa pyderastai,Gay-Men,1
"Pyderas tas zalgirio treneris, sliauka prisidaures, isvis neziuri kas darosi",Gay-Men,1
"Pyderastai sugadino Lietuva, reikia ju visus isvaryti is Seimo ir vyriausybes. Subotinas teisingai sako.",Gay-Men,1
"Pavilioniene, ar tavo seima visa isigimusi? I gatves isiziet, kad parodyt savo liga? Blet, ka jaunimas matys?",Gay-Men,1
Uzsidarykite tuos isigimelius,Orientation-/-Gender-Unspecified,1
"Lietuva tik lietuviams! Ignoruokit tuos tolerastus ir piderastus, saunuoliai, tęskit savo darbą!",Gay-Men,1
"Europos sąjunga jau per daug tolerancijos! Gejams ir lesbietėms lygybė – tai kaip Sodoma ir Gomora. Musulmonai tik skundžiasi, o kas vyksta jų šalyse, kur degina bažnyčias?",Homosexual-individuals,1
Senmergės darbai – ligotos lesbietės fantazijos. Grybų ten daugiau negu sveikų smegenų.,Lesbians,1
Kur tas piderastas? Ar jau Lukiškėse?,Gay-Men,1
Visus piderastus į lėktuvą ir išsiųsti į Japoniją gesinti atominės! Naikinkim juos kaip žiurkes.,Gay-Men,1
"Nu, tie pyderai Lietuvoje dar gali išgerti, bet turėtų būti suduoti. Europoj bent jau toleruoja, bet aš sakau – ignoruok juos, ypač kai esi užsienyje.",Gay-Men,1
"Slykščia, kaip jie provokuoja! Tie gejų paradai – tai valdžios šūdas. Tegul keliauja į Olandiją, o ne Lietuvoj šlykščiasi.",Gay-Men,1
"Šlykščiuosi ta pyderastine ideologija ir jų verkšlenimais, kad niekas jų nemyli. Užknisa!",Gay-Men,1
Sraigtasparnis paruoštas kitam pyderų šou...,Gay-Men,1
"JAV statistika rodo, kad gėjai yra pagrindiniai pedofilų. Jie sudaro tik 10% visuomenės, bet padaro 60% pedofilinių nusikaltimų!",Gay-Men,1
"Lesbietė straipsnį parašė? Man dzin, bet tie dėdės advokatai jau nervus išveda, visą laiką gina tuos kreivus ir jų draugelius. Užknisa, kad mums į galvą krauna visokią šūdą. Reikia jau parodyti jiems vietą, kitaip Lietuvą užvaldys kaip Angliją. Normalūs žmonės, susiburkime!",Gay-Men,1
"Dėdek šikninai, išsikraukit iš Lietuvos!🤮",Gay-Men,1
"Štai mūsų Lietuva - skystaklynių ir parsidavėlių kraštas. Kvailiausias sprendimas per visą istoriją! Pirksim elektrą iš ruskio, taip? Ura, tokie 'patriotai'…",Gay-Men,1
Kas čia pyderastauja? Tu pats esi sabaka!?,Gay-Men,1
"Tai jau gėjai sveiki? Nu, jei taip, tai ligoniai sveiki… šūdas viskas.",Gay-Men,1
"Kas cia sokineja, pederastas prisidure? Rokdamas i akis normaliems zmonems.",Gay-Men,1
Kurios cia lesbietes prisigerme?,Lesbians,1
"Tai ka, vienisas gejau, uzsigauni? Ar kada nors turejai moteru? Aisku, ne. Ir neuzmirsk pasidazyt rytoj.",Gay-Men,1
"Tai ka, zmones negali isreiksti savo nuomones? Piderastams tai trukdo? Mus suseks, jei leistume.",Gay-Men,1
"Leiskit ir kitiems keistiesiems rengti paradus, ne tik pederastams. Pvz., daunam.",Gay-Men,1
"Piderastai ir vel piderastai, uz ka jie ten balsuoja, vel visiems nervus barsto! Grybauskaite, saugok nugarą, nes valdžia jau visiškai prakeikta.",Gay-Men,1
"Tai geju eitynes norėjo Lietuvą sugadint? Tolerancija jiem, o jie mus uzsienyje juodina. Nu nx!",Gay-Men,1
"Susirask sau piderasta, bus tau ištikimas. Nieko gero jauciu.",Gay-Men,1
"Prasčiokeliai, nieko nesugebate padaryti! Visi tie valdžios žmonės - pedofilų gauja! Dreba visi del pedofilijos, viskas jau aiskku.",Pedophile,1
"KGBistė jau seniai paranoja serga, ko iš jos tikėtis? Kad Kubilas išnyks – tai jau gera žinia. Man px kas valdys, tik ne tie piderastai su pedofilais!",Gay-Men,1
"Jums gyvenimo nebus, dėjai. Kur bebėgtumėt, visur prašausit. Tegul sąžinė jus pasmaugia! Ką čia bandot mums įrodyt? Savim apgavot, durneliai, tik ne jūs. Pizdec jums ir visiems, kas jus remia.",Gay-Men,1
"Tai jau Lietuva turi savo pedikų propagandos fabriką. Argumentai juokingi, nes patys sau prieštarauja. Jei kam ir nerūpi šeimos gyvenimas, kodėl turėtume domėtis jų iškrypimu? Jums pakanka tykiai gyventi, ne? Bet ne, jums reikia viešumo, kad visi matytų, kaip jūs ten susisukate. Jūs net neturit ką pasakyti, tik apie lovą ir kalbat. Jei normalios poros nesireklamuoją, kodėl pedikai turi viską išgarsinti? Propaganduoja, kad dar vienas iškrypimas nieko blogo, bet nuo mažų dalykų prasideda visos problemos. Ir kas iš to, kad Amerikos asociacija išbraukė iš ligų sąrašo? Jūs išprotėję, jei manote, kad dėl to jus reikia remti. Geriau šnekėti į galvą tiems, kas sako, kad tikras vyras - kaimo erelis. Tik laiko klausimas, kada moters idealas bus lesbietė!",Gay-Men,1
"Taip, Prezidente, Lietuva dabar valdo pedikai, pedofiliai ir kvailiai. Visi protingi jau išvažiavo, o likę badauja. Jūs pati, Prezidente, turbūt esate lesbietė ir leidžiate pedofilijai klestėti. Brozovskis bent jau dalijo pinigus moterims, o jūs tik leidžiate daryti blogus dalykus.",Gay-Men,1
"Sutinku, kad teisės nepilnamečiams gal ir per daug apribojamos, bet svarbiausia – neleisti į Lietuvą tų iškrypėlių. Jeigu autorė neturi normalaus vyro, tegul susiranda, kad išvalytų jai galvą nuo lesbietiškų idėjų.",Gay-Men,1
"Taip, Madonna yra šūdų vežėja, o Gaga irgi tas pats. Visiška Vakarų propaganda, kuri naikina mūsų kultūrą ir tradicijas. Aš džiaugiuosi, kad Kaune ir Suvalkijoje nėra pedikų. Aš gyvensiu kaime ir mokysiu savo vaikus būti normaliais lietuviais. Reikia sukurti internetinį puslapį, kuris kovotų prieš pedikų propagandą.",Gay-Men,1
"Taip, teisingai! Reikia isvis uzdraust tuos debilus, kad jokiu rysiu su rusu darymais neturetu. Tik JAV ir ES, o del rusijos - jokiu kompromisu!",Gay-Men,1
"Geriausiai jums i kita sali. Cia jusu vieta ne cia, su savo iskreiptais poreikiais. Normalios šeimos neturi su jumis jokiu rysiu.",S.Orientation-Other-,1
"Tu esi grynas pederastas. Jei tau patinka apsikratyti, tai tavo reikalas, bet netrukdyk kitiems. O gal tu tiesiog rusas, kaip ir visi, kas apie tai plepa?",Gay-Men,1
"Smegenys jau isdziuvusios? Tu visiškai praradai galvą. Piderastas gimęs, piderastas mirsi. Ir jokiu ten su pampersais...",Gay-Men,1
"Gražulis – tautos gelbėtojas! Balsuokim už ji, kad Lietuvoje neatsirastu pederastų kiekvienoje šeimoje.",Gay-Men,1
"Tu esi pilnas debilas, todel tokias nesamones rasai. Aisku, tu pedikas.",Gay-Men,1
"Nieks su tavim nesides, tu iskrypes pederastas.",Gay-Men,1
"Išvarykite juos visus iš Lietuvos, tegul ten šlovina tuos kreivus!",Gay-Men,1
"Tegu patys gejai susimasto, kas jie tokie. Kam reikalauti teisiu, jei tai tiesiog liga? Nereikia rodytis visiems.",Gay-Men,1
"Nr239 teisingai pasakė. Reikia susiburti ir bausti tuos debilus. Iskart matosi, kad ta autorė yra negerai su galva. Už lesbės aš net nesigailėčiau.",Gay-Men,1
"Kas nori pamatyti, kaip du vyrai susituokia Ispanijoje su pedofiliniu kunigu? Juk tai yra visiškas absurdas.",Gay-Men,1
"Tas LGBT šlamštas internete jau pradėjo nervinti. Valstybė turėtų uždrausti tai. Aš ne prieš gejus, bet jau per akis.",Gay-Men,1
"Nesugalvokite durnumo - draskyti tuos vaivorykštinius vėliavas, nes prokuratūra jums įkšą įkiš.",Gay-Men,1
"Aisku, kad tik kvailiai ziuri i tu pediku sokius.",Orientation-/-Gender-Unspecified,1
"Sitais pederastais reikia uzsiimti rimtai, iskasti ir ismesti i bala.",Gay-Men,1
"Pederastai islindę iš visų kampų, pliusus dėlioja. Greitai reik imtis radikalių priemonių.",Gay-Men,1
"Tolerantai - tai tiesiog smegenų išplauti komunistai, kurie gina visokius iškrypėlius.",Homosexual-individuals,1
"Eik tu pydare i bala, su savo šūdomis! Kam leidžiate tokiems durniams čia rašyti?",Gay-Men,1
"Tu tikras debilas. Jei ką nors pasakei, tai užsičiaupk. Ar esi pydersas ir mėgsti masturbuoti? Pasitrauk!",Gay-Men,1
"Tu, lesbijietė, neturi nė menkiausio supratimo apie gyvenimą. Tavo IQ tikrai žemiau nulio. Eik kurti savo rašliavonių kažkur kitur!",Lesbians,1
"Tu, pydersaste, kur slapstėsi? Laukė tavęs prie Volvo, baili kreivuoli. Tik mygtukus spaudyti moki, suk dalbajobas!",Gay-Men,1
"Tūkstančiai gejų normaliai gyvena, o šitie, blet, paradų nori. Ko dar trūksta, kad visi supyderastėtų?",Gay-Men,1
"Už tokius žodžius tau ant dantų turėtų susmirdėti, šune. Eik labdarą vogt, gaidi karūnuotas, tu nieko nemoki, vaflio blėdas.",Gay-Men,1
"Mano komentarus užblokavo saugumo gejikai, išsigimę...",Gay-Men,1
"Dabar Neringa praneš, kad pederastai mus valdo, parodys pasauliui, kaip gauja užpultų mergaitę. Gėda, aš jaučiuosi kaip užsienietis šioje šalyje.",Gay-Men,1
"Po truputį jie įsikuria, jau greitai visur bus homoseksualų. Mokyklose, darželiuose, Seime...Kodėl mes juos gėjais vadiname, juk jie tiesiog pederastai?",Homosexual-individuals,1
"Jūs, dėjai, kreiviai, dykiai pyderastai - trinkitės su savo cirku! Išvis išdykit iš akių.",Gay-Men,1
"Kas giliau į anus įlįs, tas ir nugalėtojas? 😄",Gay-Men,1
"Įdomu, kas eityneseis savo šlykštybę parodys ir kokiam gejui į užpakalį įlįs?",Gay-Men,1
"Vatnikas, šūdas irgi emigrantas, toks pat kreivis kaip tas negeras žmogus nuotraukoje.",Gay-Men,1
Velniam tuos pyderastus!,Gay-Men,1
"Tas koranas tinka tik piderastams, vietoj tualetinio popieriaus.",Gay-Men,1
"Vilnius - išprotėjusi kaimo vietovė, lesbės vagia gatvėmis ir Katedros aikštėj degina.",Lesbians,1
"Piderastai yra ligoti, ir nereikia jų ginti.",Gay-Men,1
"Gejams ir pedikams - visų nacijų, bet lietuviai sikniai yra pats dugnas.",Gay-Men,1
"Dvi lesbės, be vyro jokios prasmės, niekada neturėsite vaikų.",Lesbians,1
"Daugėja tų išsigimėlių, siaubas, ar nori, kad tavo vaikas toks pats būtų?",Gay-Men,1
Visus tuos piderastus ir pedofilus kabinti! Tegul vilkai skaudžia.,Gay-Men,1
Visus iškrypėlius išsiųsti į kokią salą ir tegul ten tarpusavyje prisigadina.,Orientation-/-Gender-Unspecified,1
"Vokiečių tvarka buvo gera, ypač kai kalbama apie piderastus.",Gay-Men,1
Išvarykite šiknapisius iš Lietuvos! Užkniso jau.,Gay-Men,1
"Pasiziurekit i mano nuomones, suprasit, su kokiais debilais cia bendraujat. Vilniu su lenkais, zydais ir visais pederastais sudegint! :D",Gay-Men,1
"Laikykitės, zmogau, nesileisk pederastams!",Gay-Men,1
Kas pirmas susilaužys galinį tiltą? 😂 Arba kurio galinis tiltas greičiau krautinės? :D,Gay-Men,1
"Tu visiska nesamone rasai apie zmones ir isgyvenima. Issivysciusios salys neturi tiek zmoniu kaip kinija ar indija, o tai rodo, kad tie kinieciai ir indai yra kvailiai. Jokiu vaiku per sikina negimsta! Gejus isvis i aki krapstykite, jokiu paru nereikia.",Gay-Men,1
"Krc gejus i neri isikaises kaip reikalas... Wilno net norisi aplankyt, pilna tu piderastu.",Gay-Men,1
"Zurnalistas tikras pyderastas, nieko keisto. Uz gera straipsni butu galima ir motoka atiduot.",Gay-Men,1
"Ignoruok ta West Hame parazita, kacapu durniu. Tas pyderas jau greit dings. Lol, jei kas.",Gay-Men,1
Nejuokinga visai. :DDD (Bet Briuselyje pilna tu piderastu...).,Gay-Men,1
Pideras gaus i snuki ir tiek ziniu.,Gay-Men,1
"Eikit, susirinkit i grupes, piderai, zydai ir visokios misrunes. Lietuvoj jums vietos nera, i Izraeli arba i Sibira, kur kiti degeneratai.",Gay-Men,1
"Nu fotke gera, bet geju nešioja vyrai, lol :DDDD Tie gejai isvis kaip mergaites, smulkus ir nevyriški.",Gay-Men,1
"Jis man isvis atsiliauzęs. Visi teisingai sako – buratinas. Bet net pliauska protingesnė. Aš paprastai nesikeikiu, bet jaučiu, kad negaliu susilaikyt – pideras jis, viską sugriauna. Norėčiau jam į veidą pasakyt, koks jis šūdas.",Gay-Men,1
"Rusai, piderastai, ar kada nors padarė kažką gero Lietuvai? Prisiminkite, nors ką nors menkiausio!",Gay-Men,1
"tai tie pedikai ir rinko ta partija, nieko keisto :D",Gay-Men,1
kada gi pradėsime naikinti tuos pedikus?,Gay-Men,1
ar piderastams iš viso galima patikėti valdžią? Juk tai absurdas...,Gay-Men,1
"taigi profesorius – pedikas, kas cia naujo? he he he",Gay-Men,1
"Ble, neturiu laiko skaityt to pidero šūdų, ir jums nerekomenduoju. Išvis tas pyderis iš pyderų genties.",Gay-Men,1
"Prieš operaciją 13 dienų nei lašo, o rado alkoholio. Kaip tie ekspertai duoda kvailus patarimus? Visi jie iš pyderių klano.",Gay-Men,1
"Piderastai, aš tau jau pasakiau kur esu ir daviau tel. nr. Tu arba idiotas, arba net neturi telefono. Tikrai esi bomžas, niekad nieko nepešęs. Ar užgavau tavo kvailą galvą?",Gay-Men,1
"Net jei buvai gejus, pedofilas indas praeityje, tai nereiškia, kad visi tiki tavo šūdą. Gal buvai pyderis, kuris mylėdavosi su motina? Laikyk savo nuomonę sau, gaidy.",Gay-Men,1
"Ar jie nesusiję su Gomesais, tie pyderai?",Gay-Men,1
"Ką daryt su tokiais išsigimėliais? Zoofilai, pedofilai – visą šūdą palaiko ir dar pyduoja. Vinčiūnas teistas, o tie dar palaiko. Gryna durnių būrelis!",Pedophile,1
"Šūdinės hienos naikina Lietuvą, liaudies protus. Prisidėjo visokios kurvos, mafijozai ir pyderastai. Išvis jau!",Gay-Men,1
"Užkniso jau tie piderastai, išvis jau! Pasklido iš visų kampų, šūdo darytojai.",Gay-Men,1
"Satrapai tikrai sulauks liaudies keršto! Pyderai drebėkite, jums jau niekas nepadės. Lietuva stovi!",Gay-Men,1
"Baltarusiams reikia duoti piderastams į kaulus, kad suprastų savo vietą!",Gay-Men,1
"Eik tu, dėdė nasaras.",Gay-Men,1
Bent jau pederastui į snukį įėjo.,Gay-Men,1
"Negražus veidas, bet ryškiai apsirengusi. Tokie gėjai ir transai visada elgiasi keistai. Na, malonus straipsnis, linksma žiūrėti, kiek jie rašo apie Proniną ir Minedą.",Gay-Men,1
Baisu dėl to pederasto ir jo pederastų draugų. Juokinga iš tokio iškrypėlio ir jo pederastų gerbėjų. Sėkmės vienas kitam draskytis. HA HA HA,Gay-Men,1
"Piderastkevicius šiandien gaus į snukį, už visus birkus!",Gay-Men,1
"Atskirai tas komunistinių piderastų šnekas niekam neįdomus, tik tokiems kvailiams kaip tu ir kitiems išsigimusiems.",Gay-Men,1
"Šūdus dėčiau ant tų piderastų, ypač konservatorių. Komunistų vagys ir šūdmalšiai.",Gay-Men,1
"Šūdas jums į kairę akį, elgetoniai! Jūs patys plaukit, rašykit ir arkit laukuose su arkliais, kaimiečiai, durneliai. Pagalvokit ką sakot, vergai, jūs patys susikretę piderastai.",Gay-Men,1
"Cha, cha, cha... Visada taip būna! Tie piderastai samdyti iš skirtingų IP adresų, kad sukurtų įspūdį, jog jų daug, o paskui su l.ryto žiniomis sau pliusus krauna... asilai.",Gay-Men,1
tai cia kalbam apie gejus?,Gay-Men,1
"senoliai gyvus gaidzius vadindavo, teisybe pasakant.",Males-,1
"issigerk tu, pideraste, sėdėdamas ir komentarus rašai, nieko nepadarysi, ubagas esi, o kaltini ES.",Gay-Men,1
"gera, kad pas mus gaidziai siaucia.",Gay-Men,1
"muzika gera, bet tas balsas piderastinis erzina, kaip gejus kalba.",Gay-Men,1
"Atsipalaiduokit, modeliuotojai, gal pas jus visi pedikai su iskreiptom fantazijom? :D",Gay-Men,1
"Visi pederastai, gerbiamas. Negaliu pakesti tokiu.",Gay-Men,1
"Vienas pedofilu ruporas islindes, su savo pidero advokatais viska stabdo. Kad tie pedofilai toliau darytu ka nori. Man uzteko to vaiko zodziu, kad isspresti visa ta melo tinkla.",Pedophile,1
"Kariniam daliniui net neturi sraigtasparnio? Apsisuk, EU milijonai kur dingo? Gejams saugot tai yra, o pilieciu saugumui - ne.",Gay-Men,1
"Durniu laivas, bl, tie pederastai daro ka nori, bl. Isvaikyti visus i velniu diena, tas Petrauskas jau seniai pradejo sudebilet.",Gay-Men,1
"Tu, blet, gaidys ir tavo fanai - tikri pederastai. Atsikvėpk, pasižiūrėk į veidrodį, duobkasi.",Gay-Men,1
"Gaidys, pederastas saugumas. Zonoje per sikną apšlapinsim, mentų vaikas.",Gay-Men,1
"Ar kas gali surasti to pederasto worro adresą pagal IP? Japonų jakudza mielai jį pažiūrėtų. Iš kur tokių išvežiotų babuinių atsiranda, net keista.",Gay-Men,1
"Gal norvegų gėjų ir lesbiečių šeimos laukia, kada sugriūs tradicinė šeima ir jų vaikus paims? Tai laisvė ar fašizmas?",Gay-Men,1
"Galu gale uždaryti! Kai kas jau giliai įklimpo. Smagu, kad tvarka pagaliau. Lietuvos pederastai, važiuokit toliau į užsienį! Seniai pederastai!",Gay-Men,1
"Gamta sukūrė vyrus ir moteris, o ne tokius iškrypėlius. Gėjai - tai tiesiog psichiniai ligoniai, norintys viską apversti aukštyn kojom.",Gay-Men,1
"Garliavos šūdmaliai, viską perka už pinigus, net vaikus ir kunigus! Bomžai, kuriems reikėtų kapeikas paimti ir įsibūti, o paskui valyti batus kitiems!",Gay-Men,1
"Man gėda būti lietuviu, kai Vilniuje vaikščioja tokie iškrypėliai ir deputatai juos remia!",Gay-Men,1
"Gėjai, dabar suprantu, kodėl Hitleris jus necėdėjo. Jūs tiesiog atgręžiantys žmonės.",Gay-Men,1
"Gėjai nėra žmonės, tik lytiniai nukrypėliai. Vyrai yra vyrai, o gėjai – niekas.",Gay-Men,1
"Gerai, kad tas debilas pagristas, bet gaila to zmogaus, kuris papuole.",Gay-Men,1
"Gerbiu Grybauskaite, bet tie gejai tai baisu. Is pradziu galvojau, kad tik tarp save, o dabar ziuri i vaikus. Slykstu.",Gay-Men,1
"Pedofilai blogiausi, bet gejai ir homoseksualistai irgi ne i gera.",Gay-Men,1
Tie isigamos dabar uz somaliu piratus sirgs. Amen.,Gay-Men,1
"Koks cirkas! Gėjai jau greitai rinks geriausią užpakalį. Manau, jie išnaudojasi netinkamai.",Gay-Men,1
"Štai kaip jie veikia – pedofilai gaudo vaikus, atima juos iš normalių tėvų ir pasiliks sau.",Gay-Men,1
Kam jis čia išvis? Jau py… per akis tų jų.,Gay-Men,1
"Lesbės nebegalės vadintis šeima – gerai, kad Seimas neleidžia dulkinti Lietuvos.",Lesbians,1
"Tu iškrypęs pederastas, manau čiulpi visus vargšus, kad tau būtų gerai. Meluoji, su tokiu šūdmalone negyvenčiau nė minutės.",Gay-Men,1
"Shulcas uzsipuole Lietuvos sauguma, o tas pedikas lietuviu moteris pazadino. Kreivas butas!",Gay-Men,1
"Taip pat piderastus uzsidege. Vilnius is liko Vilnius, kas gi cia naujo...",Gay-Men,1
Ispai cia normalus bet paskuitinis debilas. Is paaiskejo kad jis pederastas.,Gay-Men,1
"Is kur jie atsiranda, tie babaju bibgrauziai? Amerikieciai bent jau ne tokie kvaili kaip europieciai, kuriems ant galvos krauna, o jie dar ir aciu sako. Ar jau baranai pasiruoše tapti muselėmis? Tie ciurkos į mūsų namus atėjo su savo islamu, ne atvirkščiai. Piderastizacija duoda vaisių, greičiau suirtų tas Europos šūdo krūva, gal tai išgelbėtų senąsias tautas. Čiurkos stato mečetes, o pas juos už tai galvą nupjautų. Tolerastai pederastai veda Europą į pražūtį.",Gay-Men,1
"Pradėjo nuo pederastų klubo, dabar jau ir normalūs seksšopai. Man gaila, kad nebuvau jaunesnis...",Gay-Men,1
"Tu pyderastas, nieko daugiau ir nepasieksi gyvenime. Giedok toliau, bet jau niekam nerūpi tavo dainos.",Gay-Men,1
"Man šlykštu skaityti tokius komentarus. Žmonės turi teisę išsakyti savo nuomonę, bet nebūk pyderas ir nežeisk kitų. Tu esi tiesiog bjaurus žmogus.",Gay-Men,1
"Gejai, kiborgai, androidai... Štai kas atsitinka, kai tolerancija peržengiama ribas.",Gay-Men,1
"Gejus Baltarusijos kalėjime? Gerai išmušk jam smegenis, ir bus tiesiog normalus žmogus. :)",Gay-Men,1
"Jankiai vėliau verks, kai rusai tų žydriukų pasidarys košę. Atsiprašau, bet taip ir turi būti.",Gay-Men,1
"Tie liberalai ir gėjai – kraujo ištroškę išsigimėliai. Visiems ES ir Amerikos gyventojams, po Sirijos smūgio, bus baisu jų gatvėse ir namuose.",Gay-Men,1
"Geriau būti nacistu, nei pederastais.",Gay-Men,1
"Ir aš jau pasilenkiau. Ar tie LTV pederastai dar šokčioja, ar jau juos išvalėm?",Gay-Men,1
"Jei tas dainininkas patektų į Euroviziją, tai aš jokiu būdu nežiūrėčiau. Netinka Eurovizijai tokia daina, atrodo, kad pederastas atvažiavo.",Gay-Men,1
"Jei seksime Dievo įstatymais, tai nepasiklysime gyvenime. Esame sukurti vyrams ir moterims, kad daugintume palikuonis. Visa kita yra nukrypimai, gejams neverta bandyti įrodyti, kad vyras su vyru yra normalu, nes tai yra prieš Dievo valią.",Gay-Men,1
"Pavadink pyderiu – prokuroras ateis, o litvinas tik džiaugsis Tomsevskio dėka.",Gay-Men,1
"Pederastas esi – pats sau ten visokį šūdą kiškis. Kiti sportuoja, tai gerai. Nesportuoji – manęs tai nedomina, paskaitinėk daugiau, gal smagiau bus.",Gay-Men,1
"Jei vaikus turi, ar žinai, kad juos gejų stebi? Aš žinau.",Gay-Men,1
"Jei mano vaikas toks iškrypęs, ką jau padarysi. Gyvenime manęs tai pykina, bet ką darysi. Sėdėk ramiai ir nieko nerodyk.",Gay-Men,1
"Jis agitavo už Kubilių ir išdavė mediką Siesiką, kuris pasipiktino dėl gejų paradų. Senis prisipažino ir sėdėjo. Vieša panieka konservatorių šlamančiui ir gejų gynėjui.",Gay-Men,1
"Tas iskreiptu mirgeliu eitynes man siaubia, kas cia per iskreipta seksa, kad vieni i kita uzsiskrenda? Tegul keliauja i kiaulide ir ten zaidzia su kiauliais.",Gay-Men,1
"Valstybe sudejus, nieko negausi, o gejus saugo, o normalus zmogus pats turi kovoti. Aisku, istatymai normaliam zmogui nieko nereiskia.",Gay-Men,1
"Kaimo liaudis, pyderai, jums reiketu uzdrausti eiti i rinkimus, nes jusu protas kaip kiaules. Aisku, kaime niekas neleidzia balsuoti, bet jums kazkodel leidzia?",Gay-Men,1
"Gal dirbi pas ta pydera arba esi jo seimos narys, jei sakei, kad jis geras zmogus. Tokiu zmoniu neturi buti. Jei galeciau, iskart suvisciau.",Gay-Men,1
"Tie kurvos pyderai ten prisiimine. Gerai, kad ju mazai. Po 10 metu ten bus tik turkai ir blogis.",Gay-Men,1
"99% tu cia pyderastu. Gerai jums sekasi, isigijote pasitikejimo per metus...",Gay-Men,1
"Kad jie isvis is Lietuvos isvis istraukti butu, is tos sventos zemes.",Orientation-/-Gender-Unspecified,1
"Tie pyderastai jau turbūt šlapiasi iš baimės, kai pamatys, kas bus toliau. Birks įkišim į užpakalius!",Gay-Men,1
"Gerai kad grazus gejai isvaziuoja is Lietuvos, o cia liko tik asilu banda, kuri viska gadina.",Gay-Men,1
"Ligos konkursa organizuoja. Kam jie isvis reikalingi? Ju vertybes – niekas. Gejai, dinkit iš akies!",Gay-Men,1
"Piderastai vagia milijonus, o uz langus baudzia. Gryna policine valstybe, geda prokuraturai.",Gay-Men,1
Koks tu piderastas? Iš užpakalio megsti?,Gay-Men,1
"Pijokai nuo alaus prie vyno, o gejai nuo vyru prie vaiku. Mano pastebejimas.",Gay-Men,1
Ką gali pasakyti lesbietė prezidentė? Ją domina tik iškrypėliai...,Lesbians,1
"Kapriznas piderastas, visų darbą sau prisiima. Tikras piderastas su piderastų kelnėm.",Gay-Men,1
"Eina saugokis nuo tu pediku, man jokios naudos is to, kad jie ten sokineja, o zmonem badas grizt.",Gay-Men,1
Butu idomu pamatyt kaip tie pedikai ciulpia vienas kitam.,Gay-Men,1
Kodel lietuviai leidzia tam romanovui pyderastui is saves tyciotis? Jokios garbes.,Gay-Men,1
"Atsirado toks gudrus, galvoja, kad ispyderuos ir i vieta des. Blin, kaip tu kalbi?",Gay-Men,1
"Fuuu, koks nesveikas pedikas!",Gay-Men,1
"Ei, durneli, as netoli sienos, kur tu avis laikai. Jei nebijai, duok koordinates. Aivaras Guscenkovas Sollslett, Hjellebol 12960 Loken. Jei esi maziukas kacapas, parasysi atgal. Susitiksim ir paaiskinsiu, kas tu esi. Bet kazin, ar tu isdrisi...",Gay-Men,1
"Palik ta sekta, durneli. Yra gyvenimas uz jos ribu. Susirask mergina, o ne piderasta.",Gay-Men,1
"Kas cia sokinet arsit, pederastai?",Gay-Men,1
"Kodel cia zalgirio isjuokiate, kretesiai? Net jei neiseina zaisti, nereikia tokiu zodziu. Pederastai susiburete!",Gay-Men,1
"Kodel uzpuolate Gergijeva? Tegul koncertuoja, jei jis pederastas. Visgi, visi zmones lygus.",Gay-Men,1
Kodel niekas neraso apie tu pediku propagandas? Prisiderkit jau!,Gay-Men,1
"Kokia Lietuva, jei ten pederastai valdo ir vagys viska? Dumblas vienas didelis.",Gay-Men,1
Trydos mokykla? Tai pederastu inkubatorius! Jau geriau isvis nemokytis.,Gay-Men,1
"Koks jis bachuras, jei snukis kaip pederasto? Sukis is cia.",Gay-Men,1
Tas teisejas tikras pedikas! Visas teismas i velnia!,Gay-Men,1
"Kopenhagos meras – tikras pyderas, o Zuoka kažkaip normalus. Nu, šūdas.",Gay-Men,1
"Kur dabar lietuvos pyderai slepiasi? Kluba ateme, diskriminacija gryna.",Gay-Men,1
"Kurva, tie pyderai Cizauskai, į velnią juos! Grybai, eikite šalin.",Gay-Men,1
"Kurvos išniekino vestuvinę suknelę! Šūdmalūnai, į priekį eikite! Pedofilai, pyderai – jums vietos nėra!",Gay-Men,1
"Man šlykštu, kad gejams išleido 200k eitynių, kai žmonės sunkiai išgyvena. Kaip jie vaiką augins, jei abu tėčiai? Reikia jų kastruoti.",Gay-Men,1
Išvarykit tuos pedikus iš Lietuvos.,Gay-Men,1
"Tegul pederastai praeina per Sirijos sostinę, pažiūrėsim, ar išsigąs.",Gay-Men,1
"Lietuva gera šalis. Jei nepatinka, pizdink į Rusiją su savo piderastiška bure.",Gay-Men,1
Šikna tiems pedikams!,Gay-Men,1
"Vyrai nyksta, o dabar iš ES išlindo tie pedikai, šaunu, netrukus kaip karves jus pasikraus iš žiurkių.",Gay-Men,1
"Mahometas – lošys, ir spardo per galvą, žinokite visi.",Gay-Men,1
"Deivis malacius, ko tuos pedus puolat? Liaudis prisigerusi, nesuvokia, kas vyksta.",Gay-Men,1
"Šaunuolis, taip ir reikia tiems pedams, o ne kaip Lietuvoje lenda į akis.",Gay-Men,1
Man baisu ir gėda gyventi šioje pedų šalyje. Čia ne Marijos žemė.,Gay-Men,1
"Visada maloniau, kai Vilnių piderastų galva vadina. Gerai, kad jie išvis ne lietuviai, reikėtų juos ištrinti iš žemėlapio. Lietuva lietuviams, o jums su 'brown'ais palinkėčiau pakentėti, raudona spalva vis tiek gražesnė.",Gay-Men,1
"Aš manau, kad tam dėdžiam sperma užpylė protą.",Gay-Men,1
"Aš manau, čia reikalas su transvestitu, jam ten viską nukirpo ir padarė kaip moteriai. Tik dar reikia perrašyti pasą, tipo Audrius Kiaušeridis, o dabar Audra Atsoaitė. Sunku, kai organizme dvi sielos, viena nori mylėtis, o kita - kad ją mylėtų.",Transgender-Individuals,1
"Akivaizdu, kad neturi vaikų ir nesuvokia, ką reiškia būti tėvu. Tokie ir panašūs debilai, visokios lėlės, ir kuria tokius įstatymus. Tai ne smurtaujimas, o normalus auklėjimas, kai vaikas jau tampa nevaldomas. Manęs 12 metų ir vėliau niekas neleido šlykščioti, nes diržas būtų greitai panaudotas. Dėl to tik išaugau – pedofilai nepriliko ir vaikų neprisidariau. Blogai?",Gay-Men,1
"Ką čia kalba kažkoks rusiškas dėdžiusas, kuris net Rusijoje negali išgyventi?",Gay-Men,1
"Vis mažiau normalių žmonių, nes kas valandą nauji debilai prisijungia prie tų pedikų.",Gay-Men,1
"Mokslas seniai įrodė, kad tai liga, o ne pasirinkimas. Aš matau ligotus žmones, ir nieko daugiau. Kam jums visuotinė meilė? Gamtos dėsniai yra aiškūs – reikia palikuonių, o jūs jų neturite.",Gay-Men,1
"Eik tu, pedikas, Merkuriui garbinam.",Gay-Men,1
"Šūdmalės, merginas daužė, o dabar verkia. Jūs ne žmonės, o gyvuliai.  Bet bent jau su viena susitaikė, tai bent jau su ja nenusižudė.",Males-,1
"Nu, kaip mergaite mulkia, grazuoliai, turbut tu pats piderastukas, jei moterys tau nepatinka.",Gay-Men,1
"Nu ka cia isvis kalbet, reikia buti totaliam pederastui, kad savo komanda ciupineti.",Gay-Men,1
"Nu cia isvis kosmaras, koks skystas straipsnis, lesbes tai lesbes, bet niekam tai nerupi.",Lesbians,1
"Lesbes valdyt? Nu cia jau per daug, netinka joms valdyt.",Lesbians,1
"Tu turbut pats pederastas, ir dar kacapas isvis. Lietuva niekad nebus tavo vergijoje, o jus, pederastai, laisves neismanote.",Gay-Men,1
"Na, gal nors sunus nepasidarys toks dėdė kaip tėvas.",Gay-Men,1
"Taigi, tauta ne kvaila, niekas nesigaili tų, kurie negali susilaukti vaikų. Mano draugas rado išeitį, susilaukė dvynukų, o pedikai lieka pedikais.",Gay-Men,1
"Atrodo, ta lesbija net neturi išsilavinimo, bet jau bando gelbėti pasaulį.",Lesbians,1
"Nebekelkite pedikų nuotraukų! Žiūrėk į tą veidą – grynas dėdė, neturintis jokio pasitikėjimo savimi. Tikras vyras taip nesielgtų.",Gay-Men,1
"Dėl to, kad pediką neįleido nemokamai į futbolo rungtynes, tas dėdė pradėjo rašyti visokį šūdą. Ir ką ten kalbėjo, siaubas, visad išjungdavau garsą.",Gay-Men,1
"Tie ""patriotai"" tik šnekėti moka. Jokių realių darbų nedaro, tik vėliavą pamoja ir prieš visus keikia. Alaus išgeria ir mano, kad jau Lietuvą išgelbėjo. Abugėliai, pragėrusi smegenys.",Gay-Men,1
"Atsiprašau, bet tas gėjų dvasingumas man yra šūdas. Su jais nieko gero negausite. Mano dvasinis pasaulis yra kur kas geresnis.",Gay-Men,1
"Tas pyderas yra niekas. Reikia jį nušauti arba bent jau pakarti. Kam dar rašyt apie tokį šūdmalą? Kaimynai, suduokite jam!",Gay-Men,1
"Gejus vaikas – tik beda. Geriau i rezervata isideti juos, ten kankintis ir isnykti.",Gay-Men,1
"Tu koks debilas, gaidi? Net nesupranti, ka reiskia tas zodis? Turbut tavo mama su tais pačiais vaikinais draugavo.",Gay-Men,1
"Antroj foto ta advokate kaip persirengėlis atrodo, baisu ziuret.",Transgender-Individuals,1
"Zali pyderiukai, skaitykit ir vergkit! Jums niekur neisiprast, nieko gero is jusu nebus.",Gay-Men,1
"Nu ka ten pykti, bet pyderiu gauja yra pyderiu gauja.",Gay-Men,1
"Atsiprašau, bet Europos sąjunga, kartu su tais piderastais, mums niekaip nepadės, kai užsidarys Ignalina ir rusai dujas spaus. Tada liks tik sėdėti ir rūkyti vatą.",Gay-Men,1
"Nu ką čia maišyt, kam tos kolonos? Tipo dabar tualetai gražesni? Tik piderai iš pavydo taip daro!",Gay-Men,1
"Piderlaiškraščiai, sakot senelius apkaltinot? Jūs, lietrryčio išsigimėliai, kurvos, kiek už piderus gausit? Ar ir į dantuką, ar į rudąją pamalą? Užpisot meluoti.",Gay-Men,1
"Nu štai, piderastai jau vėl pyksta dėl kažko. :D",Gay-Men,1
"Rudaburniai, tai jie išvis kokie? Pažiūrėkit į Eltoną, tą pederastą. Pavaidino meilę, o po to jau kitą užuodžia. Tai jie labai šventi, ar ką? Geriau slėptis po lapais. Tpfu, ant tokių išsigimėlių!",Gay-Men,1
"Ką čia kalbėti, gėjai ir visokios iškrypėlės tegu slepiasi, lietuvišką garbę aukštyn! Emigrantės - tik išdavikės, susirado užsieniečius, o kur mūsų vyrai? Lietuva pirma!",Gay-Men,1
"O štai ir panosė, kurią reikia atsidengti. Tikriausiai išvis vyras, pasidažęs kaip moteris. Kam reikalingi milijonai, jei neturi ką prarasti?",Trans-women,1
"Ką tu ten prišnekėji apie gėjus? Jau seniai aišku, kad jie yra išsigimę.",Gay-Men,1
"Gėjai - tai ne žmonės, o kažkokie atsiradę iš nežinomybės. Jiems reikia specialių teisių? Šlykštu. Reikia juos uždaryti į narvus.",Gay-Men,1
"Gėjai ir lesbietės? Tai tie, kurie daro bjaurybes vieni su kitais ir didžiuojasi tuo? Šlykštu.",Gay-Men,1
"Straipsnio autore, tu rimtai lygini kairerankius su dėdėmis?  Aš, kaip gėjus, jaučiuosi įžeistas, o jūs dar bandote įžeisti ir kairerankius!  Šlykštu.",Gay-Men,1
"Kodėl Lietuvoje visą laiką apie tuos dėdės kalbama?  Aš suprantu, kad laikraščių savininkai verslininkus šantažuoja už tokius straipsnius. Kiek Valatka tau primokėjo, kad visą laiką apie tai rašai? Lietuva niekad neleis tyms gamtos klaidoms rengti paradu.",Gay-Men,1
"Bobos dar sako, kad vyras turi būti bent kažkiek gražesnis už kiaulę... Melas iš viso gerklės!",Males-,1
"Leiskim tiems dėdėms rengti paradą pačioje žiemos vidury! Imbrasai, pasiklausyk! Pamatysim, kaip tada lakstys po gatves su nuogais užpakaliais.  Ir vaikams nereiks aiškinti, kas vyksta :D",Gay-Men,1
"Tau 15000 fanų parodys, koks tu kreivas dėdė! :D",Gay-Men,1
"Tu jau pederastai kliedi? Nebūk užsisenėjęs, išsivalyk burną.",Gay-Men,1
"Pažiūrėk į YouTube, kaip ten yra, aišku, reikia mokėti kalbą, bet ne pederastišką rusų.",Gay-Men,1
"Tu, sukčiaujantį, tylėk. Nieko čia tavo genialumo nelaukiame. Eik pyzdėti kažkur kitur su savo pasisakymais, pederasta.",Gay-Men,1
"Visi gejai impotentai, skinai susirenka prie Draugystės viešbučio. Jei ką, atsiimsim, reikalauja viešbučio seksualinėms mažumoms.",Gay-Men,1
"O tie gėjai... jokios prasmės. Jų čia prisidaugino! Gal ir mes visi gėjais tapsim, kurie už senutes. Kaip grybai po lietaus dygsta. Gerai, kad neturiu tokių... ",Gay-Men,1
"Straipsnis normalus, o tie lietryčiai pedikai tik iškreipia viską, ieško problemų kur jų nėra.",Gay-Men,1
"Atiduokit man tą dėdę ir tą raganą, aš jiems parodysiu!",Gay-Men,1
Kas ta mergaite? Piderastu prezidente buti jai tinkamiasia.,Gay-Men,1
"Papasiprašyk savo gejaus, kad tau padarytų, kodėl manęs prašai? Išsigimę jūs visi.",Gay-Men,1
"Tas iškrypusioms mergoms reikia į musulmoniškas šalis jas išsiųst, ten joms būtų smagiau, bet deja...",S.Orientation-Other-,1
"Nu ka cia pasakysiu, geju dabar daugiau uz normaliu vyru. Pazystu viena, tai gal pederastas ir yra, vaikus pazistantis... sake su visais mano pazistamais miegojo, isproto is to. Reikia saugotis tu, is patirties sakau.",Gay-Men,1
"Ebk i pizdu, pederastai!",Gay-Men,1
"Tie norvegai, runkeliai ir degradai - tai isvis atmazai. Lietuviai bent jau normalus zmones, o jie ten sokineja ir isipisineja is pavydo. Jie nyksta, o pas juos jau nigeriai ir babajai uzima vieta.",Gay-Men,1
"Tie pensininkai jau visiskai atmazo, rinkdami tuos pederastus i valdzia. Jaunimas isvares i uzsienius, o senukai balsuoja uz betka. Reiketu jiems balsavimo teises atimt.",Gay-Men,1
"Pederastai tai jau seniai zmonijoj egzistavo, o gejai tai naujas dalykas. Reikia daiktus vadinti savo vardais - pederastai ir tiek. Seniau juos isvis subinkrusiais vadino.",Gay-Men,1
"Eik sau, pedikai, neatšūdinėk. Kas tau į galvą?",Gay-Men,1
"Pedikų pulkeli, su mirtimi priešaky. Gerai, kad neprisigėrė.",Gay-Men,1
"Pedofilų gauja (ypač toks kaip Kedys), gėjai – slapukai pedofilai, tvirkinantys vaikus. Pederastai ir pan.",Gay-Men,1
Dėl tų velnio daiktų Europoj prasideda chaosas. Tolerancija pederastams pražudys mus. Žydai ir masonai toliau siurbia Europą.,Gay-Men,1
"Aš skaičiau tą straipsnį ir matau tik vieną išeitį – gėjų kastraciją. Kitaip vaikus neišsaugosim nuo jų šūdų. Susirinkit į darbą, dirkit ir nepasirodykit!",Gay-Men,1
"Kiek jau moteru kenčia nuo debilų vyrų? Kas jas gina, šūdmalūniai?",Males-,1
"Piderastai, ir mintys jų piderastiškos! Shūdas...",Gay-Men,1
"Pilnai sutinku. Dauguma homofobų – slaptais gejai, kurie dėl visuomenės spaudimo save niekina.",Gay-Men,1
"Gėjus – pederastas, žydas – litvakas, čigonas – romas. Ką pederastai mano apie nekrofilus? Toleruojate ir juos?",Gay-Men,1
"Susidykit, durniai gejau!",Gay-Men,1
"Kur dėti tuos piderastus? Gamto klaida gryna. Reikia juos išnaikinti, kurie viešai rodosi.",Gay-Men,1
"Tolerancija? Juk nereikia viešinti savo ligų. O vaikų auklėti gejams irgi negalima. Aš nenorėčiau, kad mano vaiką auklėtų pederastas.",Gay-Men,1
"Profesorius gėdingas, o Marija Aušrinė su savo gejų kareiviais – tikrai gera kompanija tokiai kurvai...",Gay-Men,1
"Nu ka cia kalbet, protinga moteris, o ne kokia ta tapkinio uostytoja, senai reikia jai jau is viso is politikos isijungt. Ir kur ten tos jos draugeles, lesbiskos kazkokios, ar plikai galvos ziauros...",Females,1
"Kiek galima ta pedofilija ir durniu pyderastija toleruoti? Lietuva prakeikta, jei toks elitas valdo. Teisejus is viso kam reikia, jei jie net mergaiciu neisgirsta?",Gay-Men,1
Pederastas.,Gay-Men,1
"Pederastai, nx! Tas smoryginas, gejus, jau bjaurybe.",Gay-Men,1
"pyderai, gaidziai, skurdei, valkatos, bl, norisi viena pasigauti.",Gay-Men,1
"pyderai jus, ka jus cia bl gausit is tu seimunu? Po galvos kapu? Pox jums, kas jums kiausus mazga? Atidarykit akis, debilai.",Gay-Men,1
pyderai dabar ir vilniuje vaiksto.,Gay-Men,1
pyderai i vankuveri ir piskites ten.,Gay-Men,1
"Tie pedikai, geda mums visu... butu lengvai kropycius pasirinke, ir daktarai sukurtu nauja zmogu.",Gay-Men,1
"Pedikas sargybinis, visi jie sh...",Gay-Men,1
"Tas pedikas girtas uzvaziavo, ir ka, pabego kazkoks padaras.",Gay-Men,1
"Pedikas, nevaikscioje ant lietuvieciu, gausi po traktorium!",Gay-Men,1
"Tu paskutinis pedike, jasna gaidy.",Gay-Men,1
pyderastų eitynės,Gay-Men,1
pyderų gauja,Gay-Men,1
"pyderai sugadino šeimos sampratą, joms tik užsiimti analiniu seksu su vazelinu, kam išvis tos šeimos!",Gay-Men,1
Rasinietis – piderastas ir slapukas iš KGB.,Gay-Men,1
"Jekelaitis ar pyderaitis turėtų parodyti savo veiksmus vaizdo įraše, kitaip aš jo laikysiu kvailiu.",Gay-Men,1
"Tie gejau tie patys isigime, reikia ju visus sunaikinti, i lagerius uzsirakinti ir ten juos sudeginti. Zmones ligos, kretyniskos gyvuliu veisles.",Gay-Men,1
"Pyderastui ant galvos stala uzdet! Koks kakuvalgius, neturi teises naudotis gerais daiktais.",Gay-Men,1
Rytoj kazkoks rysas pyderas pasirodys.,Gay-Men,1
"Rysas pyderas jau desimta karta pralose dejones, velnias ji imk!",Gay-Men,1
Rysas pyderas jau desimta karta sudege dejonese!  Kreivas zmogus.,Gay-Men,1
"Laikas ta pedofiluka i pleveles varyt, nes jis tik siaubas keliantis isvaizda. Kam jis isvis reikalingas?",Gay-Men,1
"Sėkmės tau, mažylis... Lietuva prieš piderastus! Jei tie valdžios pyderai užpultų, duok žinoti.",Gay-Men,1
"Tas gejus, ir tiek. Rusai – vieni piderastai.",Gay-Men,1
"Ko is visu tu pideru noreti? Moterys dabar atrodo kaip vyrai, nesusitvarkiusios, o kurios normalios, tai kazkokios gejmerges. Bachurai geriau atrodo.",Females,1
"Piderastu cirkas, kur truksta visokiu petruskeviciu ir kitokiu zmonu. Pydervade, susikisk ta veliava!",Gay-Men,1
"paziurek i tuos gejus 15min, kaip jie homofobija sventej peterburge. isdauzyt dantis ir tada kalbek apie laisve",Gay-Men,1
"Storiems kiaulėms pinigų netrūks, o apie eurus kalba? Reikia jiems į pėdą su kirviu!",Gay-Men,1
"Pasistojo tie pedrylos, nezinau kur joms vieta. Reiks beisbolke istraukt ir ismušt joms i pampas, kad susiprastu.",Gay-Men,1
"Sodinkit juos, nieko negailėkite, tuos gaidžius.",Gay-Men,1
Šita tolerancija gejams ir žydams tik skatina skinus. Pasidarys blogiau.,Gay-Men,1
"Tu, sukretesi, ant tavęs man dėti, kodėl pavydėsi, kad žmogus Amerikoje gyveno? Piderei į JAV neišvažiuosi, tik kandonams kaip tau lieka Londonas. Ką, kelnes jau seniai iš parduotuvės nusipirkęs esi? Gaila tavęs, vaflio bliude, ir tavo vaikų – runkeliai tokie patys, pilni pavydo. Tik sukrapstęs organas tau dera į šikną.",Gay-Men,1
"Dangoraižius sugriovė, o dabar sirus užnodijo. Amerikos metodai žiaurūs, bet pasaulis kada nors nušluos pederastų sionistų gaują.",Gay-Men,1
"Sukretę kedofilai, piderastų gauja.",Gay-Men,1
"Rimtai, kaip paskutinius piderastus šūdiniesi. Taip ir reikia, pedofilų sostinės atstovai.",Gay-Men,1
"Susirinko vagys ir piderastai į Strielkę, kažką didelio vogs.",Gay-Men,1
"Sius veidas tas pyderastas, uzmirsti gaidi. Paliko vaika mirti vienam, griestiausia bausme jam!",Gay-Men,1
"Tas gaidys jau visai išprotėjo, reikia jį paleisti į gatves. Piderastas niuchčia, rėkia, kad kyšius neima.",Gay-Men,1
"Siųsti ta išgamą uz grotų! Piderastų piderastė, užčiaupk savo snukį, eik pas logopedą, pydare.",Gay-Men,1
"Ta suką iki kaklo pasodint, piderastas!",Gay-Men,1
"Vokietija – grynas šūdas, pilna psicho pyderastų ir durnelių. Ten jau nebesusitiksi normalių žmonių, tik turkai. Vokietis pyderastas neišsivairuoja.",Gay-Men,1
"ta boba tikrai lesbika, nx.",Lesbians,1
"lietuva isvis rusijos dalis, o tie pyderai dar ir garbinami, nx. rusai bent normaliai gyvena, o cia kas? lietuviai isvis pas vokiecius beprociais isrida.",Gay-Men,1
"sukim pedru parada, jei esam tokie tolerantiski...blet.",Gay-Men,1
"kol tokie debilai teisesaugojoj dirbs kaip betingis, tol ir bus situaciju. ji i kalet reikia, ne is pareigu atleist. jei tas pedras butu normalus zmonis, tai snd nebūtume triju nužudytu.",Gay-Men,1
"siandien tikrai ne pediku ir lesbiu diena, fuj.",Gay-Men,1
"Kaunas, ne kokia ten Guwnawilna, cia pederastai ant kuolo kabo, o vaikus apsaugoti niekas nesirupi. Teisesauga pedofilams i burna ziuri. Gerbiau ta menta, nors jis bent vaikus gina.",Gay-Men,1
"Tu tikras debilas, jei bandai apginti Siaures Koreja. Rusijoje jau seniai suprato, kad tai s**das, o tu vis dar loji. Pasiziurek i zmoniu nuomones, gal susipras",Gay-Men,1
"Eitynės – rusų ir kitų tautybių šventė, Lietuvos piliečiai džiaugiasi. O gėjams visada kažkas negerai, parazitai. Kirminai juos graužia :-)",Gay-Men,1
"Kas Lietuvoje teisejas – teismas ar pederastai? Policija nieko negali padaryti, jei turi irodyti savo teise pries alkoholikus. Grynas cirkas. Artistai jus visi.",Gay-Men,1
"Kodel niekas nekalba apie Valinska? Seime visi pederastai sedi ir saugo tokius kaip jis. Bbd, visiskas s**das.",Gay-Men,1
"Su jais reikia dar ziauriau, ta daktara isvis i ziauriausia vieta iskast, o tuos pedofilus i Mongolija isvezt ir ten teiskit. Ten jie greitai supras kur jiems vieta.",Gay-Men,1
"Velnias juos paimtų, pensijas naikinkim, o mokesčius nuo jų visus išspauskime! Gaila, kad neradau jokio seimo parazito, būčiau jam gerai davęs.",Gay-Men,1
"Tegul keliauja į Arabiją, ten jų visų labai nori. Blondinės, grožybės, viską padarys...",Females,1
"Štai matot, kokie jie ligačiai, negali normaliai su merginom susitarti. Dabar iš darbo išmeta, nes visi tokie patys kreivai pažiūri.",Gay-Men,1
"Dar daugiau paradų jiems, ką gi, turim pinigų. Teisėtus paradus remti ir saugoti. Šūdmalūnės, kaip iš mūsų durnelių sultis spaudžia.",Gay-Men,1
"Teisėm tas išsigimęs pyderis. Gėda, kad dar niekas ant jo kapo nepasirūpino.",Gay-Men,1
"Teisingai, jokios šeimos, tik sugyventiniai, pyderai ir narkomanai. Į kurį velnią mes riedam?",Gay-Men,1
"Taip, pyderiui reikėjo daugiau kentėti. Tegul kalba ir mirksi, vis tiek nepabaigtas darbas. Šaunuolė lietuvei!",Gay-Men,1
"Tas išsigimęs pyderis su mėlyna striuke – tikras šlykštybė. Nesiskaitytų su žmona, nes pasamonej jam viskas aplink bybciulpysss. Prieš jį aš nedarysiu jokių kompromisų.",Gay-Men,1
"Kodel mes tokie bailiai? Ginti tuos piderastus, o savo neleidzia ginti. Isvis jau be jegos LT. Jei pabandysim pasipriesint, iskart i purva mus ikis.",Gay-Men,1
"Suda tu mala, pyderi. Dar nepaskambinei? Klaipedskas esu, bet atvaziuosiu ir uzduosiu tau. Beizbolo buozda i galva!",Gay-Men,1
"Sireika - tikras pideras, neturetu tokios komandos treniruoti. Koks lopas ji paskyre? Buvo geresnis treneris, o dabar suda daryo!",Gay-Men,1
Geriau butu tam pideriui iskart bybi nukase! Kas ta siuniuka ismokino?,Gay-Men,1
"Dar haliukus sprendi? Tau tikrai sunkiai reikia gyventi, visur tik piderai. Negali net atsiversi.",Gay-Men,1
"Senoliai kojo pagonis, mes sovietus, dabar pedikus kaltinam tamsuoliais... Ko dar prišnekėsit, iškrypėliai?!",Gay-Men,1
"Tu pats jau nuo vaikystės su tais pedikais išsimiegojęs, durneli. Gaidžius.",Gay-Men,1
"Tegul pasislepia namuose ir ten savo šiknas masažuoja, kad normalūs žmonės nematytų tos šlykštybės. Senais laikais tokius bausdavo, o dabar šou gatvėse rengia.",Gay-Men,1
"Tegul daro ką nori, bet tik netrukdytų normaliems žmonėms ir vaikams. Visa kita - jų šiknoskylėms rūpestis.",Gay-Men,1
"Tegul keliauja, bet kodėl mes turime juos saugoti? Nori viešumo - tegul be policijos palydos eina. Už mūsų mokestininkų pinigus saugoti pedikus? Grįžkime prie senų laikų, kad visi susitrauktų į pogrindį.",Gay-Men,1
"Dabar jau visokių išsigandusių prisidaužė, bet esmė tame, kad du vyrai, kurie užsiima analiniu seksu, yra pedikai ir tiek. Vaikų jiems neleisim, tegu keliauja į Europą ir ten savo pedofiliškas idėjas skleidžia! Zuokas - didvyris!",Gay-Men,1
"Šūdinas, visokios biurokratijos. Laidojimo firmos darbuotojas visiškai nekompetentingas, italai jam ten suką. Už ką mes mokam?!",Gay-Men,1
"Tel Avive tie pedikai šūdas, o ne žmonės.",Gay-Men,1
"Tie pederastai išvis ką sau leidžia? Tegu sėdi savo skylėse ir netrukdo normaliems žmonėms. Šlykštynės, šūdų prisigerę...",Gay-Men,1
Tie vištgaidžiai tegu nesirodo viešumoje su savo perversijų demonstravimu. Niekam tas nerūpi! Zuokas teisingai sako – Lietuvoje mes patys sprendžiam.,Gay-Men,1
"Nu bl, rožinė spalva – pedų ir lezbių. Tik ji man ramybę suteikia, o šitie lietuviai iškrypę.",Gay-Men,1
"Niekaip neisiu į bažnyčią, ten jau tie gejojai įsisuko. Apskritai, pasaulis lyg į Pompėją smunka.",Gay-Men,1
"Tie pydarai garbina ją, ir žiūrėk, išvaizda kaip transvestito. Būna tokių.",Gay-Men,1
"295, parašyk man adresą, pažiūrėsiu, kaip tu man padėsi, pederaste.",Gay-Men,1
"Aurelijau, tu debilas tu, tiesiog. Kad Kedys jau miręs, nes pederastai greitai veikia. Prokuratūra su pedikais draugauja. Jei pederastai nori dėmesio, tegul viešai prisistato, kad žinotume, kas pavojingas vaikams.",Gay-Men,1
"ble, koks tu nevykelis, kaip transvestitas atrodai, storas kaip kiaulė.",Trans-women,1
"Kokios tolerancijos? Gejams? Išvis dink, gražuli.",Gay-Men,1
"Visos Lietuvos tarnybos - pedofilų lizdai, pradant nuo vaiku teisių, baigiant visokiais šiukšlynais. Vėmimas verčia.",Pedophile,1
"Tu šimtas procentų pederastas, pedofilas ir debilas.",Gay-Men,1
"Tu, pederastas, išeik ir pasakyk tai garsiai! Suką išsigyvenk, sveiki žmonės tavęs nemėgsta. Geriau jau užkask save!",Gay-Men,1
"Kremliaus dėdė, susikišk savo šūdą, geriau su vilkais gyventi nei su tokiais slavais-mongolais kaip tu.",Gay-Men,1
"Tu, juodojo šūdžio rijau, tavo Taisonas kaip atsivertė į islamą, tai tik po ringą ropė. Visas jo bokso pasiekimas prasidėjo, kai baltus trenerius pakeitė į juodus, kurie jam pataikavo. Visi tie USA nigeriai prisiklausė žydų pasakų apie vergus.",Gay-Men,1
"Tu, žydų dėdė, nepis lietuviams proto. Eik sau į sinagogą.",Gay-Men,1
"Pederaste, tuoj verkšensi ir atsiprašys, kad nebūtų baudų. Išvesim tave į viešumą, Putino šūde!",Gay-Men,1
"Turbūt Gaga turėjo galvoj, kad jei pederastai ir lesbietės atvažiuos į Lietuvą, kaimiečiai juos suplėš. Neverta čia važiuoti...",Gay-Men,1
"Isvadino jis ta ped*rasa, ir teisingai! Siaip jau visada panasus i toki.",Gay-Men,1
Esi rysiu su tuom smailu pasauliu? Net prisidesdamas cia komentaru smirdi.,Gay-Men,1
"Vienas nelegalus piderastas is Amerikos jau yra, daugiau mums nereikia.",Gay-Men,1
Lukasenka padare gera darba! Europos sajunga - tai piderastu ir pedofilu prieglobstis. Kur teisingumas?,Gay-Men,1
"Tikri vyrai parode tiems piderastams, kur jiems vieta! Pasijuste jie.",Gay-Men,1
"Man px i tavo gyvenima, bet jei gejus pradės vaikams skelbt, kad tai normalu, aš išvis supyksiu.",Gay-Men,1
Vienas debilas mažiau.,Gay-Men,1
Progresyvus gejus nori tau ant galvos šokolado priberti ir Putiną tatuiruot.,Gay-Men,1
"Nesąmonės čia rašai…turbūt pykti ant Drasių, net jei jau mirusios…esi pederastas, tėvai Drasius, gaila, kad nespėjo tavęs sutvarkyti…bet sulauksi ir kulkos.",Gay-Men,1
"Po gejų konferencijos Lietuva virto pedofilų rojumi. Lietuvos vadai nieko nedaro, o vaikus gelbsti tik kulkos.",Gay-Men,1
"Manau, kad visiškai teisingai. Tegul daro ką nori, bet kad vaikams ne prieštų. Gejus teises gerbiu, bet į normalių žmonių gyvenimą kištis neverta. Jei nebūtų tokie išdidūs, gal ir tolerancijos sulauktų.",Gay-Men,1
"Uždaryti visus tuos dėdžius į gardą, kad vieni kitus ten mylėtų. Gal ten ir liks.",Gay-Men,1
Šūdų veža tie pyderai iš Lietuvos! Išvis išvaryti juos.,Gay-Men,1
Vyrams dabar stumia pyderų gyvenimo būdą. Nušviesk!,Gay-Men,1
"Vilniuje vyrai kažkokie keisti, gal dėl vandens? Bet tai nieko nekeičia - vyrai mylėti vieni kitus jau seniai. Klaipėdiečiai nesuprasit.",Gay-Men,1
Butu puiki pyderu demonstracija!!!,Gay-Men,1
Tas gėjus grynas pideras! Ar konservatoriai nezinojo apie tai? Kubiloidinis durnelis ir senas Liancberga...,Gay-Men,1
"Visokie isigamiai yra... pedofilai, gejai, nekrofilai, zoofilai... Dievas juos sukure, ka padarysi.",Gay-Men,1
"Žalgiris padarė iš jų šūdą. Lietuvos Rytas - gaidžiai, Sudlenkių antrininkai. Zemaičių piderams reik išspardyti šūdą, o Rytui nusivalyti.",Gay-Men,1
"Žilinskas ne tik prisidaures, bet ir pideras!!!",Gay-Men,1
"Tas D. Janciauskas grybas grybas, zino as ji, kaip maza vaika. Ir ka tu cia sneki, zudikas prisigeres masina sudauze, o dabar saugot leidziam? Velnias zinoc!",Gay-Men,1
"Kazin ka tas pyderastas cia isviso snipeso? Reikia ka nors rimciau rodyti, o ne tokius iskrypelius. Palinkeciau jam i Kabula su koncertu, ten greitai suprastu.",Gay-Men,1
"Piderastams ir rusams tokiu naujienu reikia, kad susidegintu visi. Tikras siknos skausmas jiems!",Gay-Men,1
"Pyderas zurnalistas, pyderas, pyderas! Grynas atmazas!",Gay-Men,1
"Realybes show - tai jaunimo zudymas, tik pladijas ir visokios tautines mazumos. Dabar dar ir pydarai bendrabutyje? Grynas zverstis!",Gay-Men,1
"Čeplynas, tu pederastas kvailys.",Gay-Men,1
"Negalima jau net pederastų pavadinti pederastais, tuoj įkalins.",Gay-Men,1
"Tai kaip jos pastojo? Raskevičius padėjo, ar ką?",Lesbians,1
"Kuriuos ambasadorius paims ir gėjus pradės mus mokyt, kad mūsų vertybės yra šūdas?",Orientation-/-Gender-Unspecified,1
"Tas straipsnis yra tiesiog šūdmalūnis, priverčia manyti, kad tos iškrypimai yra geri! Lrytas turėtų būti uždraustas, o Sabaliauskaitė - į šiukšlyną.",Homosexual-individuals,1
"Šikna į gabalus, pedikas prakeiktas!",Gay-Men,1
"Tie gėjai jau išlindę, dabar dar ir autoriaus giria? Įžūlumas prasideda Lietuvoje, jau nieko nebeįmanoma!",Gay-Men,1
