Text ID;Comment;Target
lrytas_sql_503;"Nesitikėkite jokio logiško atsakymo. Daug klausimų esu pateikęs ir aš, deja jie nelabai ""patogūs"" ir gėjai į juos net nereaguoja :))) Geriau ir lengviau visus kaltinti tamsumu ir viduražių mąstymu, nei pasukti galvelę ir atsakyti kažką protingo :}";Gay Men
lrytas_sql_503;Baisu, kad devynmetė, pažiūrėjus TV paklaus, kas tie gėjai? o nebaisu, kad ta devynmetė žiūri TV ir mato kraujo klanus, šmėkšteli koks lavonas?;Gay Men
lrytas_sql_503;"Jei aš sakau, kad gėjai man netrukdo, tai esu apšaukiamas homofobu, nes jų "" netoleruoju"" .REIKIA REMTIS FAKTAIS.vienas jų-gėjų manifestas apie naują pasaulio tvarką , Džokjakartos principai internete .Istorijoje būta daug nuklydimų,žmonės patys nusprendžia,kas jiems tinka ar patinka.Kaip ir kiekvienas geras kūrinys turi savo naudojimo instrukciją,taip ir žmogus turėtų vadovautis Kūrėjo sudaryta nauja sandora...Bolševikai dauguma nieko blogo nedarė, tik norėjo visus sulyginti, nacių dauguma irgi nusprendė padaryti gerą darbą-išgryninti baltąją rasę...Dabar nežudoma, o tik keičiama visuomenės pamatinė šeimos santvarka į geresnę, pastatant asmeninės laisvės stabą...O visi, kurie jam nesilenkia yra apšaukiami ir apipilami bevaisės meilės pamazgomis.";Gay Men
lrytas_sql_503;geras 289 pasisakymas,o man kaip moteriai jau nepirmos jaunystės norėtųsi autorei palinkėti už tokius jai mielus straipsnius ir netos orentacijos žmonių palaikymą,kad jos vaikai būtų gėjai manau ji būtų šviesi ir laiminga;Gay Men
lrytas_sql_503;geras 289 pasisakymas,o man kaip moteriai jau nepirmos jaunystės norėtųsi autorei palinkėti už tokius jai mielus straipsnius ir netos orentacijos žmonių palaikymą,kad jos vaikai būtų gėjai manau ji būtų šviesi ir laiminga;Females
lrytas_sql_506;Pedofilu valstybeje pedofiliniai teismai ir pedofilai valdo. Krusa mus, krusa musu vaikus, krus ir anukus, o mes dar uz tai ir mokescius jiems mokesim. Pasaka, o ne valstybe. Pyderai, pedofilai ir kurvos. Apmyzt ir padegt tokia sali.;Gay Men
lrytas_sql_506;ko noreti is visu tu cirku jei ir mitinga leist gejams zygiuot piestu stojosi pati prezidente.Tai tokiu veikeju naudai bus pakreipta ir Kedzio byla.O kad neleido Venskui dalyvaut posedyje tai cia prasove pro sali .Juk mergaites interesus juk irgi kazkas turetu ginti ir atstovauti vien vaiku teisiu atstovo manyciau nepakanka .Vargse mazyle mirus teciui palikta teismr viena kaip miske tarp plesriu vilku.Vaiku teisiu aqpsaugos darbuotojai juk gali buti ir saliski ir paperkami .Ir vaiko interesai ginami jau labai valdiskai .Kai jau tikrai zinoma kokia motina istvirkele sitam vaikui matosi iki pilnametystes gyvenimo nebus .Cia tokia isskirtine byla ir prezidente galetu paspaust prokurorus .kai eitynes gejams tai JI suorganizavo.Reiskia kam nori tam padeda /Tad prasome PONIA PREZIDENTE padekite siai mazai .nuskriaustai naslaitei sugryzti nors tevelio jau nebera .i Jo seima .pas ja mylincius senelius ir teta/Juk is sono matosi kad meregaitei ten gera ten ji ipratusi Is anksto dekojam;Gay Men
lrytas_sql_509;paaiskink kuom skiriasi gejus nuo pyderio?Ar tau i pedofilo savoka viskas telpa?Mazarasti...;Gay Men
lrytas_sql_509;tai aš tau galiu paaiškinti, kaip ir visiems likusiems. Sakyčiau, kalta tik spauda, jog žmonės visiškai neteisingą info gavo. Juk tai eitynės, ne kažkoks sekso paradas kaip nuolat per TV rodo.. nieks šiknų demonstruot nesiruošia. Esmė - atkreipt visuomenės dėmesį į egzistuojančią problemą: gėjų diskriminaciją. Tokią teisę turim visi - studentai, pensininkai, smulkaus ir vidutinio verslo atstovai ir tt. Galim eit į gatves ir organizuot sankcionuotas taikias eitynes ir tuo būdu atkreipti visuomenės dėmesį į egzistuojančia problemą. Dauguma lietuvių viskuo nepatenkinti, bet niekas nieko nedaro! O štai gėjai ima ir daro. Sveikinu juos! Tai tik vienas iš būdų pilietinei visuomenei tarti savo žodį. Ir kaip sakant jau geriau tūkstantis negu vienas skinas, kuris kelia neapykantą, pyktį, pagiežą ir agresiją. Pridursiu, jog nesu nei organizatorė, nei lesbietė. Tik eilinė išsilavinus pilietė. Sekmės visiems susitvarkyt su savo neapykantomis ir netolerancija. Ramybės Jūsų širdyse.;Gay Men
lrytas_sql_514;Klysta, kai raso LIETUVA be darbingu žmonių, LIETUVA be ateities. LIETUVA SU GEJAIS- LIETUVA SU ATEITIM. JU eitynes reiskia demokratija, o nelaimingu demokratisku saliu nebuna!;Gay Men
lrytas_sql_516;Arkaša, jei tu atidžiai skaitei Bibliją tai turėjai pastebėti, kad tiek gėjai, tiek pederastai su krikščionimis neturi nieko bendro. Krikščionis suvedžiotas kūno (šėtono) pagundų gali tapti gėjumi ir tik gėjus atgailavęs savo nuodėmes ir atsisakęs savo paklydimų tampa krikščioniu;Gay Men
lrytas_sql_517;kodel bijo sio zodzio P.E.D.E.R.A.S.T.IJ.A juk aiskiai tarptautiniu zodziu zodyne(isleista 1999m.Gimtine)parasyta p.e.d.e.r.a.s.t.i.j.a-graikiska s zodis paidos-berniukas, jaunuolis + erastes-isimylejelis, -lytinis iskrypimas-vyro lytinis santykiavimas su vyru!!! tai taip isena jie ne gejai o p.e.d.e.r.a.s.t.a.i!!!!Dziaukis,turesi ramu ir sexualu savaitgali savo klube.Sekmes;Gay Men
lrytas_sql_517;nieko nesuprantu ko cia taip dziugauti ir putotis...gal nesuvokta savo homoseksualuma piktieji komentatoriai pavercia demonstruojama neapykanta gejams...nu nieko baisaus, kad ta pati lytis veza...nesiputokit. nelabai dziugi naujiena, kad tiek daug kompleksuotu,piktu zmoniu pilnas eteris...nesuprantu kokia zala gali tas paradas padaryt, zaloja pyktis ,bukumas, netolerancija..;Homosexual individuals
lrytas_sql_517;Sveikintinas sprendimas, nors is kitos gejai dabar shudais drabstysis smarkiai, truputi smirdes, netikiu, kad taip nurims.;Gay Men
lrytas_sql_517;oi, mirsiu is juoko.. sustabde..nu as miegu su vyrais, bet man nekilo mintis eiti su veliava, per Vilniu ir garsiai visam pasauliui saukti - as heteroseksuale.. Ir projekta rasyti, kad gauti 300 000 Lt.. Kuo gejai skiriasi nuo manes? Niekuo.. Reiskia - jokio reikalo jiems demonstruoti nera :));Gay Men
lrytas_sql_2554;Brigita, geriau jau tu butum lesbiete. Jei permiegosi su kokia, buk gera vel straipsni i laikrasti parasyk. palygink viska... MUMS LABAI IDOMU SUZINOTI TAVO NUOMONE APIE VISKA.... TPFUUUUU...;Lesbians
lrytas_sql_520;..dar vienas kovotojas uzh piderastu teises Danijoje Kamal Qureshi dalivaus parade..kaltinamas uzh sukchiavima. nelabai i dana paanashus... :) ekstrabladet.dk/nyheder/politik/article972198.ece;Gay Men
lrytas_sql_552;LIETUVOJE VYSTOMA NAUJAUSIA PRAMONĖS ŠAKA: LĖLĖ LĖLIUKAI PIDERIAMS, TRANSVETITAMS IR TRNSEKSUALAMS VYRŲ IR MOTERŲ APATINĖS DETALĖS. LIETUVA TIKISI TAPTI PASAULIO AŠIS ŠIAME VERSLE !;Gay Men
lrytas_sql_552;LIETUVOJE VYSTOMA NAUJAUSIA PRAMONĖS ŠAKA: LĖLĖ LĖLIUKAI PIDERIAMS, TRANSVETITAMS IR TRNSEKSUALAMS VYRŲ IR MOTERŲ APATINĖS DETALĖS. LIETUVA TIKISI TAPTI PASAULIO AŠIS ŠIAME VERSLE !;Trans men
lrytas_sql_552;LIETUVOJE VYSTOMA NAUJAUSIA PRAMONĖS ŠAKA: LĖLĖ LĖLIUKAI PIDERIAMS, TRANSVETITAMS IR TRNSEKSUALAMS VYRŲ IR MOTERŲ APATINĖS DETALĖS. LIETUVA TIKISI TAPTI PASAULIO AŠIS ŠIAME VERSLE !;Trans women
lrytas_sql_611;komentartorima visokiems - visų pirmą gėjų nedera vadinti pydarais. kas taip sako parodo savo žemą lygį. o antra, kas jei ne gėjai yra pažangos variklis pasaulyje?;Gay Men
lrytas_sql_611;as dziaugiuosi kad jus esate gejais musu salies paziba, kiek dziaugsmo jusu akyse, kokios nuosirdzios jusu sypsenos nu kap grazu, tikiuosi kad sias tradicijas tes ir jusu palikuonys vis delto kaip grazu kai vyras su vyru miega glamoneja vienas kita juk tai taip vyriska, kalbekite apie tai visiems ir visada tik taip tapsite pilnaverciais pilieciais ir uzdirbsite daug pinigeliu.;Gay Men
lrytas_sql_619;vinokuras kaip visada savo stiliuje, padlaiziauja zydams ir gejams.;Gay Men
lrytas_sql_619;"seip labiausiai jiem nepatiko sukis, ""Nei Rytams nei Vakarams - Lietuva - Lietuvos vaikams"", bet sito sukio jie neaskaluoja, o butent jeme viskas pasakyta, baikit savo destrukcine veikla Lietuvoje, baikit griaut valstybinguma su tautinem mazumom, su ivairiom subkulturom, tame tarpe skinais, tikraisiais gejais mes ir patys issiaiskinsim. VSD tam is esmes ir yra, kad isaiskint tokius neaiskius tipelius, bet kadangi saugumas pats neaisku kam dyrba, tai tokie tautieciai, kaip Pociunas naikinami ir po mirtie (buvo apsauktas miznium ir girtuokliu), o vinokurai meluoja ir skaldo.";Gay Men
lrytas_sql_686;jiems metai bus piderastiski,kaip visada;Gay Men
lrytas_sql_719;nu va matai kaip gejams patinka gytis:D;Gay Men
lrytas_sql_723;"Buvo galima sunerimti, kad net ir nacionalizavus ""Snoro"" banką, jo pagrindiniai akcininkai vis dar buvo laisvėje. Jei kokie aferistai sugebėjo iš santykinai nedidelio banko nupūsti vėjais 3,5 mlrd. litų, tai gal jie turėjo pasiruošę ir atsarginius variantus, jei būtų teisėsaugos pričiupti? Kokie jie gali būti? - gal dar pamatysim. Beje, dabartinė Lietuvos valdžia taip pat tam tikrą teisinę ""dovanėlę"" tokiems veikėjams paruošė. Dabar galima konfiskuoti ir aferistų artimųjų turtą, jei jie neįrodo jo teisėtos kilmės. V.Antonovas, būdamas D.Britanijoje suskubo praduoti tik Ukrainoje esančio banko akcijas. Atrodo, kad Lietuvos ""Snoras"" ir ""Latvijas Krajbanka"" tokio akcininko manevro išvengė. Dabar tampa gan reikšminga tai, kuriai Rusijos bankininkų grupei priklausė pats Rusijos pilietis V.Antonovas. Jei jis buvo ""kremlinų"" priklausomybėje, tai tokių gynėjų ""stogas"" gali būti reikšmingas net ir D.Britanijos teisėsaugai. Premjeras A.Kubilius, kaip ir daugelis gali prisiminti visokių ""piramidžių"" Lietuvoje ir kitose Pasaulio šalyse. Verta prisiminti ir tai, kaip toks G.Vagnorius gyrė ""Sekundės"" banką, kaip visai saugų prieš pat jo žlugimą. Labai keistai atrodo, kai dabar Gediminas visokius pamokymus bando žarstyti. Geriau jau patylėtų... V.Antonovas teigia, kad jis pasiruošęs atsakyti pagal LR įstatymus. Tai teisingas pažadas. Dabar teks jį vykdyti... Gal dabar besislapstę bankininkai jau gailisi, kad nepriklausė seksualinėms mažumoms ir todėl negalės aiškinti, kad už tai juos kažkas Lietuvoje persekiojo. Mūsų valstybėje pagal BK yra baudžiami tik pedofilai, jei pavyksta juos tvirtai pričiupti, o gėjai net ir savo paradus gauna teisę rengti. Jei kokie mažumų atstovai įkliūna apsimetusiems pareigūnams kokiame automobilyje Kleboniškyje, tai tokie skubiai sutinka “baudas” susimokėti už viešosios tvarkos pažeidimą. Kažkodėl labai garsintis nenori… Minėtiems turtuoliams bankininkams tai būtų netgi ne lygis… Jei mažumų “garantijos” atkrenta, tai dėl ko dar jie gali tikėtis prieglobsčio Didžiojoje Britanijoje? Prašyti jo gali tik tie asmenys, kurie yra politiškai savo šalyse persekiojami arba jiems gali grėsti mirties bausmė pagal tos šalies, kurioje buvo galimai vykdoma nusikalstama veikla, įstatymus. Lietuvoje, kaip žinoma, už tokias padarytas veikas gresia tik iki 10 metų nelaisvės. Kiek prisimenu, tik “Sekundės” banko valdybos pirmininkuiGintarui Diliui ir EBSW “holdinginiam” vadui Gintarui Petrikui teko “cypėje” pasėdėti.(Anot tokio buvusio turtuolio Jono Miliausko, G.Dilys jam prisipažino(ir tai yra įrašyta), kad išėjęs iš kolonijos Dilys vis dar gauna pinigų iš “Sekundės” skolininkų. LŽ) Kiti kažkaip išsisukdavo, o jų visų iššvaistytas lėšas su galimais “otkatais” sugėrė mūsų žemelės smėlis, kurio atsargos vis dar neišsenkančios.";Pedophile
lrytas_sql_723;"Buvo galima sunerimti, kad net ir nacionalizavus ""Snoro"" banką, jo pagrindiniai akcininkai vis dar buvo laisvėje. Jei kokie aferistai sugebėjo iš santykinai nedidelio banko nupūsti vėjais 3,5 mlrd. litų, tai gal jie turėjo pasiruošę ir atsarginius variantus, jei būtų teisėsaugos pričiupti? Kokie jie gali būti? - gal dar pamatysim. Beje, dabartinė Lietuvos valdžia taip pat tam tikrą teisinę ""dovanėlę"" tokiems veikėjams paruošė. Dabar galima konfiskuoti ir aferistų artimųjų turtą, jei jie neįrodo jo teisėtos kilmės. V.Antonovas, būdamas D.Britanijoje suskubo praduoti tik Ukrainoje esančio banko akcijas. Atrodo, kad Lietuvos ""Snoras"" ir ""Latvijas Krajbanka"" tokio akcininko manevro išvengė. Dabar tampa gan reikšminga tai, kuriai Rusijos bankininkų grupei priklausė pats Rusijos pilietis V.Antonovas. Jei jis buvo ""kremlinų"" priklausomybėje, tai tokių gynėjų ""stogas"" gali būti reikšmingas net ir D.Britanijos teisėsaugai. Premjeras A.Kubilius, kaip ir daugelis gali prisiminti visokių ""piramidžių"" Lietuvoje ir kitose Pasaulio šalyse. Verta prisiminti ir tai, kaip toks G.Vagnorius gyrė ""Sekundės"" banką, kaip visai saugų prieš pat jo žlugimą. Labai keistai atrodo, kai dabar Gediminas visokius pamokymus bando žarstyti. Geriau jau patylėtų... V.Antonovas teigia, kad jis pasiruošęs atsakyti pagal LR įstatymus. Tai teisingas pažadas. Dabar teks jį vykdyti... Gal dabar besislapstę bankininkai jau gailisi, kad nepriklausė seksualinėms mažumoms ir todėl negalės aiškinti, kad už tai juos kažkas Lietuvoje persekiojo. Mūsų valstybėje pagal BK yra baudžiami tik pedofilai, jei pavyksta juos tvirtai pričiupti, o gėjai net ir savo paradus gauna teisę rengti. Jei kokie mažumų atstovai įkliūna apsimetusiems pareigūnams kokiame automobilyje Kleboniškyje, tai tokie skubiai sutinka “baudas” susimokėti už viešosios tvarkos pažeidimą. Kažkodėl labai garsintis nenori… Minėtiems turtuoliams bankininkams tai būtų netgi ne lygis… Jei mažumų “garantijos” atkrenta, tai dėl ko dar jie gali tikėtis prieglobsčio Didžiojoje Britanijoje? Prašyti jo gali tik tie asmenys, kurie yra politiškai savo šalyse persekiojami arba jiems gali grėsti mirties bausmė pagal tos šalies, kurioje buvo galimai vykdoma nusikalstama veikla, įstatymus. Lietuvoje, kaip žinoma, už tokias padarytas veikas gresia tik iki 10 metų nelaisvės. Kiek prisimenu, tik “Sekundės” banko valdybos pirmininkuiGintarui Diliui ir EBSW “holdinginiam” vadui Gintarui Petrikui teko “cypėje” pasėdėti.(Anot tokio buvusio turtuolio Jono Miliausko, G.Dilys jam prisipažino(ir tai yra įrašyta), kad išėjęs iš kolonijos Dilys vis dar gauna pinigų iš “Sekundės” skolininkų. LŽ) Kiti kažkaip išsisukdavo, o jų visų iššvaistytas lėšas su galimais “otkatais” sugėrė mūsų žemelės smėlis, kurio atsargos vis dar neišsenkančios.";Gay Men
lrytas_sql_724;is kokiu pinigu taip prabangiai gyveno tavas braliukas dobiliukas --is kur tu pqati gavai 300 000 ir kodel nereikalauji nubausti kuckailio kuris nepagristai isdave tavo prietrankai broliui pazyma ---butu kas daugiau sumokejes toks asmuo butu isdaves pazyma kad gerb ir zinoma ponia lesbiete jos vyras tratina sluotrazi o motina jodineja ant sluotos;Lesbians
lrytas_sql_741;Atvirai be kaukes prisipazintu - AS J.S. esu Pyderas. Ir visiems viskas aisku nereikia cia tu rasiniu.;Gay Men
lrytas_sql_744;iš visų galimų kandidatų į seimą aš tikčiau geriausiai: visiškai negeriu,nerūkau,svetimų mergų nemyliu ir esu visiškai abejingas gėjams...;Gay Men
lrytas_sql_806;Visi jus protai senatvei skant detalems bebirant pradesit besltis i Dievo roju ...kol jauni galit pasiputot....nu nenorit i roju niekas jusu ten nves per prievarta galesit pasilikt cia su sitai gejais :)));Gay Men
lrytas_sql_808;gejus ir pyderastus!;Gay Men
lrytas_sql_814;Dankanas - normalus amerikietiškas vardas, pilna Dankanų visur laksto ir niekas maklaudais nevadina. Plaukai - na taip, manau kad jie vaikui trukdo. Bet juk pilna ilgaplaukiu vyru yra-nereikia sakyti kad jie bus/yra gejai, tam tikrose sublkulturoses tas normalu. tai kodel negali ilgaplaukis buti ir berniukas? Ir isvis zmones, isiskaitykit straipsni. Jam ne dvylika, o septyni metai.;Gay Men
lrytas_sql_844;"Patinka/nepatinka, bet netradicines orientacijos zmones yra nepopuliarus visame pasaulyje. Gal tos tolerancijos butu butu daugiau, jei gejai savo elgesiu patys neprovokuotu kitu, tradicines orientacijos zmoniu. Kam tuose gejparaduose reikia demonstruoti savo ""grozybes"" ar atitinkamai isteriskai provokuojanciai elgtis? Kai sureaguojama i toki ju (geju) elgiasi, tada rekiama, kad musa. Reikalaujama, kad leistu vaikus ivaikinti. O kas tose salyse vyksta su vaikais ivaikintais geju/lezbijieciu? Tie vaikai - nuolatinis patyciu objektas - ""Kuri/is yra tavo ""mama"", o kuri/is yra tavo ""tetis""? Psichologiniai tyrimai parode, kad tokie vaikai isauga su milzinisku nepilnavertiskumo kompleksu ir daznai pamasto apie savizudybe. Kita vertus - visoje postsovietineje erdveje yra perdidelis netolerancijos lygis. Jei, tokie zmones nieko bloga nedaro - nereikalauja isivaikinimo, nesielgia provokuojanciai - tegu gyvena sau. Tokiu visada buvo, yra ir bus. Didele netolerancija ribojasi su agresija, o agresija, kaip taisykle, buna nukreipta ne tik i isore, bet ir i save. Tuo mes ir garsejame pasaulyje - savizudybemis ir ES zmogzudysciu skaiciumi 100 000 gyventoju.Zodziu - ramiau ir vieni ir kiti elkimes bei reaguokime - viskas turi buti proto ribose. O apie gaga as nenoriu pasikartoti - pasisakiau zemiau.";Homosexual individuals
lrytas_sql_844;Lietuva tam dar nepasiruosusi, Lenkija tam dar nepasiruosusi, Rusija tam dar nepasiruosusi, Bulgarija tam dar nepasiruosusi, Italija tam dar nepasiruosusi, Ispanija tam dar nepasiruosusi, Vatikanas dar tam nesuauges, tik viena leidi gaga tam pasiruosusi ir suaugusi. Vadinasi, visi dar zindi mamos piena, tik leidi gaga valgo juoda duona ir turi teise akiplesiskai reikalauti, kad visi pasaulio zmones butu ivairiaspalviai, homoseksualai, transvestitai ir pan. Nesuprantu tokios filosofijos. Nei vienas hetereksualas nerengia renginiu ir nereikalauja atskiros valstybes vadovybes, kad ji sudarytu isimtinias teises ir privilegijas augti sveikoje ir orioje aplinkoje. Jie tai galetu daryti, kadangi seimos auginancios vaikus patiria siaubinga prievarta, noredamos apsaugoti vaikus, nuo neigiamos ir psichika zalojancios informacijos. Seimos, auginancios vaikus, jau pasidare per daug silpnos apsaugoti vaikus ir pauglius nuo blizguciais apsidariusiu prievartautoju. Ir jei leidi gaga yra orientuota tik i geismus ir aistras tenkinancias salygas, tai ji apskritai nesupranta zmogisko kilnumo ir produktyvumo. Ji kalba apie Europos valstybes, apie rastu ir knygu bei istoriju pazinima, kuo as labai abejoju, nes ji yra tuscia kaip kiaules slapimo pusle, su kuria vaikai zaizdavo kai nebudavo kamuoliu, bet savos tevynes Amerikos tradiciju ir tevu pareigos nezino. Nezino, kad Amerikoje tevai nesa atsakomybe uz savo tevisku pareigu neatlikima, jei jie neapsaugoja savo vaiku nuo neigiamos aplikos, neapsaugoja nuo amoralios aplinkos ir pan. Net nezino, kad homoseksualios orientacijos asmenys negali buti mokytojais, darzeliu aukletojais ir pan. Ji net nezino kokie siaubingi protestai vyksta pries homoseksualus JAV, ju propaguojamas laisves be jokios atsakomybes, o atvaziavusi i Europa gieda, kad homoseksualai Europoje yra diskriminuojami.;Homosexual individuals
lrytas_sql_844;Lietuva tam dar nepasiruosusi, Lenkija tam dar nepasiruosusi, Rusija tam dar nepasiruosusi, Bulgarija tam dar nepasiruosusi, Italija tam dar nepasiruosusi, Ispanija tam dar nepasiruosusi, Vatikanas dar tam nesuauges, tik viena leidi gaga tam pasiruosusi ir suaugusi. Vadinasi, visi dar zindi mamos piena, tik leidi gaga valgo juoda duona ir turi teise akiplesiskai reikalauti, kad visi pasaulio zmones butu ivairiaspalviai, homoseksualai, transvestitai ir pan. Nesuprantu tokios filosofijos. Nei vienas hetereksualas nerengia renginiu ir nereikalauja atskiros valstybes vadovybes, kad ji sudarytu isimtinias teises ir privilegijas augti sveikoje ir orioje aplinkoje. Jie tai galetu daryti, kadangi seimos auginancios vaikus patiria siaubinga prievarta, noredamos apsaugoti vaikus, nuo neigiamos ir psichika zalojancios informacijos. Seimos, auginancios vaikus, jau pasidare per daug silpnos apsaugoti vaikus ir pauglius nuo blizguciais apsidariusiu prievartautoju. Ir jei leidi gaga yra orientuota tik i geismus ir aistras tenkinancias salygas, tai ji apskritai nesupranta zmogisko kilnumo ir produktyvumo. Ji kalba apie Europos valstybes, apie rastu ir knygu bei istoriju pazinima, kuo as labai abejoju, nes ji yra tuscia kaip kiaules slapimo pusle, su kuria vaikai zaizdavo kai nebudavo kamuoliu, bet savos tevynes Amerikos tradiciju ir tevu pareigos nezino. Nezino, kad Amerikoje tevai nesa atsakomybe uz savo tevisku pareigu neatlikima, jei jie neapsaugoja savo vaiku nuo neigiamos aplikos, neapsaugoja nuo amoralios aplinkos ir pan. Net nezino, kad homoseksualios orientacijos asmenys negali buti mokytojais, darzeliu aukletojais ir pan. Ji net nezino kokie siaubingi protestai vyksta pries homoseksualus JAV, ju propaguojamas laisves be jokios atsakomybes, o atvaziavusi i Europa gieda, kad homoseksualai Europoje yra diskriminuojami.;Transgender Individuals
lrytas_sql_844;Jokiu budu! Neturi buti jokiu susidorojimu, bet ir neturi buti jokiu isskirtinumu ju atzvilgiu - paradu, vaiku ivaikinimu ir pan. Vaiku ivaikinimas - pats baisiausias dalykas, koks gali buti - turiu omeny - kai gejams tas yra leidziama. Visiskas nuprotejimas!;Gay Men
lrytas_sql_844;Visiskai pritariu tau, tik Marilyn Manson, ne gejus. Cia tik ivaizdis jo toks pyderskas;Gay Men
lrytas_sql_844;man tai atvirai pasakius jokio skirtume gejus ar lesbiete, svarbu geras zmogus butu;Gay Men
lrytas_sql_844;man tai atvirai pasakius jokio skirtume gejus ar lesbiete, svarbu geras zmogus butu;Lesbians
lrytas_sql_845;daina bosas - cia transvestitai dabar tokius vardus renkasi?;Transgender Individuals
lrytas_sql_845;Jeigu nebutu parasyta,kas per svente is nuotrauku galima spresti,kad tai geju ir lesbijankiu suvaziavimas.Ir kuo jis taip isitikines,kad krikstijo savo dukra.(Olenevodas);Gay Men
lrytas_sql_845;Jeigu nebutu parasyta,kas per svente is nuotrauku galima spresti,kad tai geju ir lesbijankiu suvaziavimas.Ir kuo jis taip isitikines,kad krikstijo savo dukra.(Olenevodas);Lesbians
lrytas_sql_858;O ka Venckiene-teiseja padare bloga?Jei yra nusizengimu,tai reiktu ispeti,papeikima ipyskinti,jei nera,tai...O Kaip zmogus tiesiai i akis sake,reze,dare,auklejo broluio vaika,reikalavo TIESOS-tokie zmones vertintini,pagirtini,su tokiais nebaisu i kalnus.Baisu veidmainiai,bailiai,dviveidziai,sukti,pavyduoliai.Tai palaukit,uz ka Venckiene kaip nors bausti?Poliklinikoj reikalavo savo teisiu ar ir vaiko,o poliklinika privalejo parasyti taip kaip jai atrode-o iskele skandala.Nuo policininko gynesi,tai gal issuktom rankom ir sudauze jo galvanetikiu cia/,augino,maitino vaika,aiskinosi-kas zudyniu,prievartavimo veikejai.Sveikintina uz atkakluma,verta METU MOTERS titulo.O pasirodo SVAIKA-padraika labiau girtina,vertinama-kur mes einame?be santuokos ,su gejais,perofilais,gal net zoofilais.Lupam besimeldziancius,trypiam veliava.Liudna..;Gay Men
lrytas_sql_858;O ka Venckiene-teiseja padare bloga?Jei yra nusizengimu,tai reiktu ispeti,papeikima ipyskinti,jei nera,tai...O Kaip zmogus tiesiai i akis sake,reze,dare,auklejo broluio vaika,reikalavo TIESOS-tokie zmones vertintini,pagirtini,su tokiais nebaisu i kalnus.Baisu veidmainiai,bailiai,dviveidziai,sukti,pavyduoliai.Tai palaukit,uz ka Venckiene kaip nors bausti?Poliklinikoj reikalavo savo teisiu ar ir vaiko,o poliklinika privalejo parasyti taip kaip jai atrode-o iskele skandala.Nuo policininko gynesi,tai gal issuktom rankom ir sudauze jo galvanetikiu cia/,augino,maitino vaika,aiskinosi-kas zudyniu,prievartavimo veikejai.Sveikintina uz atkakluma,verta METU MOTERS titulo.O pasirodo SVAIKA-padraika labiau girtina,vertinama-kur mes einame?be santuokos ,su gejais,perofilais,gal net zoofilais.Lupam besimeldziancius,trypiam veliava.Liudna..;Pedophile
lrytas_sql_869;kokia cia profesijas sits etiketu zinovs,cia kokia tai specialybe ygijes zmogus ar savo versla sukures,nes palei aprasyma atroda kad jis daugiau nusimana apie byrku ciulpima nei apie etiketa,nes nei vieni nei kiti labai nesireisk,tik matos demesia stoka tokie runkelia gyven kad netur prisi**st prie kitu :],turkija nuostabi salis ir zmones ten vaziuoj kad pailset,nors ir pliku pimpalu pasimosikuot juk parasyta kad atostogas 30 tukstanciu litu kainava,kai tas experts per sava gyvenima turbut tures dar daug kotu nusveist kad bent uzdirbut tiek sava rankom,o ne suda maldams,taigi ziurekit sava kiema vargsai,jei zmones vaziuoj atostogu tai jiems po**i ar gert vyna sampana ar dar koki b*b* vidurdieni ir ar su ikrais ar be ju,svarbu atsipalaiduot ir pralesit laika kad atsigaut,o ne piderastintis pries kameras su kostiumu kazkur kur saule pleskin diena nakti.uzknis skaityt tokiu siuksliu straipsnius,o bosams linkiu nekreipt demesia y mesvabalius.;Gay Men
lrytas_sql_870;Kodėl vien tik homoseksualams išimtys: už valstybės ir ES pinigus jiems įrengti klubai, paradai, vaikučių mokymas darželiuose kaip pasirinkti būsimą lytinę orientaciją..Jei visiems lygios teisės, tai sudarykite grafikus eitynėms apie Seimą ir savivaldybę: pavyzdžiui: pirmadieviais- homoseksualams,antradieniais - lesbijietems,trečiadieniais - biseksualamsketvirtadienį - pedofilams.penktadieniais - zoofilams su savo ožkomis, kalėmisšeštadienį - nekrofilamsSekmadienį – atsilikėliams heterofilams, t.y. save laikantiems tradicinės orientacijos;Homosexual individuals
lrytas_sql_870;Kodėl vien tik homoseksualams išimtys: už valstybės ir ES pinigus jiems įrengti klubai, paradai, vaikučių mokymas darželiuose kaip pasirinkti būsimą lytinę orientaciją..Jei visiems lygios teisės, tai sudarykite grafikus eitynėms apie Seimą ir savivaldybę: pavyzdžiui: pirmadieviais- homoseksualams,antradieniais - lesbijietems,trečiadieniais - biseksualamsketvirtadienį - pedofilams.penktadieniais - zoofilams su savo ožkomis, kalėmisšeštadienį - nekrofilamsSekmadienį – atsilikėliams heterofilams, t.y. save laikantiems tradicinės orientacijos;Lesbians
lrytas_sql_870;Kodėl vien tik homoseksualams išimtys: už valstybės ir ES pinigus jiems įrengti klubai, paradai, vaikučių mokymas darželiuose kaip pasirinkti būsimą lytinę orientaciją..Jei visiems lygios teisės, tai sudarykite grafikus eitynėms apie Seimą ir savivaldybę: pavyzdžiui: pirmadieviais- homoseksualams,antradieniais - lesbijietems,trečiadieniais - biseksualamsketvirtadienį - pedofilams.penktadieniais - zoofilams su savo ožkomis, kalėmisšeštadienį - nekrofilamsSekmadienį – atsilikėliams heterofilams, t.y. save laikantiems tradicinės orientacijos;Bisexual Individuals
lrytas_sql_870;Kodėl vien tik homoseksualams išimtys: už valstybės ir ES pinigus jiems įrengti klubai, paradai, vaikučių mokymas darželiuose kaip pasirinkti būsimą lytinę orientaciją..Jei visiems lygios teisės, tai sudarykite grafikus eitynėms apie Seimą ir savivaldybę: pavyzdžiui: pirmadieviais- homoseksualams,antradieniais - lesbijietems,trečiadieniais - biseksualamsketvirtadienį - pedofilams.penktadieniais - zoofilams su savo ožkomis, kalėmisšeštadienį - nekrofilamsSekmadienį – atsilikėliams heterofilams, t.y. save laikantiems tradicinės orientacijos;Pedophile
lrytas_sql_877;Ir gejai ir Grazulis;Gay Men
lrytas_sql_877;gejai rulit, jie yra maladec pacanai nx .. AS KAIP juos maciau prie europos tame buse rekiau GEJAI JUS MALADEC>>!!!!! gejai ziauriai stato, jie yra maladec pacani.;Gay Men
lrytas_sql_877;VISI DEVYNI Europos gejai Lietuvos, Suomijos, Lenkijos ir Vokietijos UZMIRSO, KUR YRA JU KIEMAS IR išskleidė 30 metrų gėjų vėliavą prie Seimo. Ach kaip grazu stebeti vaivorykste, nusileidusia ant zemes;Gay Men
lrytas_sql_877;"Visur tie gejai vaidenas ir vaidenas, man lezbieciu duokit daugiau ;)";Lesbians
lrytas_sql_2554;Isties teisybes nemazai apie vyrus parasyta, matosi kad ra praktika:) Tik ne visi vistik vyrai tokie, na kad tokiu dauguma tai taip. Apie moteris galiu pasakyt kad jos tikrai nera idealios, pvz. ka jau kalbeti apie pastovius verkeslenimus del isvaizdos kokia ji netobula, vyrams tikrai nereikia tobulu barbiu ir jei jie myli moteri tai tokia kokia ji yra o ne super truper butybe is virshelio. O ir tvarkytis vyrai megsta ne taip jau ir retai patys :) Zodziu neskubek Brigita persimesti prie lesbieciu, o pasidairyk aplink, ir kaip vienam komentare buvo, neieskok vyru baruose :);Lesbians
lrytas_sql_877;... oi tie gėjai niekad ėjai, kaip čia Vilniuje gražu, sielose jų šiandien šventė, šoka gėjai aš ir tu... O iš tikrųjų, tai liūdna...;Gay Men
lrytas_sql_888;Ka isvis galima diskutuot su tais portugalais. Zalgiris laimejo,ir taip bus kasmet. Ir visai Lietuvai tai aisku. Yra szudrycio fanai, pyderai nusirenginejantys arenoje, kurie kaip alkani sunys laukia tos pergales,kad galetu palot komentaruose. Deja, teks lot savo irstvose, sunauja szudrycio, smagu ziuret i jusu beviltiskus,apsisnargliavusius snukucius :)))));Gay Men
lrytas_sql_904;Gėjams ne grasinti reikia , bet juos gerbti ir mylėti. Juk apie puse Lietuvos gėjai.;Gay Men
lrytas_sql_904;Vakaruose gėjai gali ir tuoktis, ir įsivaikinti, o pas mus viduramžiai dar. Tamsūs žmonės, juk patys bėgate į Vakarus nuo neteisybės Lietuvoje, bėgate į kraštus, kuriuose mylimi gėjai, juodaodžiai ir kiti. Be gėjams TOLERANTIŠKŲ Vakarų šalių, priėmusius daugybę netolarntiškų lietuvių, lietuviai toliau būtų Lietuvoje ir būtų kaip Šiaurės Korėjoj, nors gal ir dabar taip yra;Gay Men
lrytas_sql_904;Tikiuosi, kad patys aršiausi komentatoriai bus pasodinti, o kalėjime jie galimai patys pavirs gėjais, savo ar nesavo noru. Nuvešiu prokuratūros bunidčiajams komentarus su IP.;Gay Men
lrytas_sql_904;besispjaudantiems ugnimi.Idomu,kaip reaguotumet,jei jusu sunus ar dukra jums pasakytu,kad jie gejus ar lesbiete?nes daznai veiksmas turi atoveiksmi.man jie netrukdo.Tegul miega su kuo nori ir daro ka nori.Sakyciau-daugiau tolerancios ir supratimo.O pedofilija niekuo nesurista su homosexualumu.Homosexualas nesantykiaus su vaikais.O pedofilai turi savo seimas,vaikus,bet prievartauja ju paciu arba svetimus vaikus,Va tame skirtumas.Kol cia rekaujat,geriau pasidomekit medicinine literatura.O kas liecia gamta,tai pilna gyvunu,kurie taip pat isgyvena homosexualuma,neispruse jus zmogeliai.;Gay Men
lrytas_sql_904;besispjaudantiems ugnimi.Idomu,kaip reaguotumet,jei jusu sunus ar dukra jums pasakytu,kad jie gejus ar lesbiete?nes daznai veiksmas turi atoveiksmi.man jie netrukdo.Tegul miega su kuo nori ir daro ka nori.Sakyciau-daugiau tolerancios ir supratimo.O pedofilija niekuo nesurista su homosexualumu.Homosexualas nesantykiaus su vaikais.O pedofilai turi savo seimas,vaikus,bet prievartauja ju paciu arba svetimus vaikus,Va tame skirtumas.Kol cia rekaujat,geriau pasidomekit medicinine literatura.O kas liecia gamta,tai pilna gyvunu,kurie taip pat isgyvena homosexualuma,neispruse jus zmogeliai.;Lesbians
lrytas_sql_904;besispjaudantiems ugnimi.Idomu,kaip reaguotumet,jei jusu sunus ar dukra jums pasakytu,kad jie gejus ar lesbiete?nes daznai veiksmas turi atoveiksmi.man jie netrukdo.Tegul miega su kuo nori ir daro ka nori.Sakyciau-daugiau tolerancios ir supratimo.O pedofilija niekuo nesurista su homosexualumu.Homosexualas nesantykiaus su vaikais.O pedofilai turi savo seimas,vaikus,bet prievartauja ju paciu arba svetimus vaikus,Va tame skirtumas.Kol cia rekaujat,geriau pasidomekit medicinine literatura.O kas liecia gamta,tai pilna gyvunu,kurie taip pat isgyvena homosexualuma,neispruse jus zmogeliai.;Pedophile
lrytas_sql_904;"man gejai nei trukdo nei ka..dabar isivaizduokite,jei suzinosite,kad jusu vaikas yra gejus arba lezbiete..ka darysit?atsisakysit vaiko?Nemanau.Musu liaudis yra gili tundra,toli dar iki pasaulinio mastymo ir supratimo.Is dalies sutinku,kad ""jie"" neretai per daug lenda i viesuma ir pan.";Gay Men
lrytas_sql_2554;Isties teisybes nemazai apie vyrus parasyta, matosi kad ra praktika:) Tik ne visi vistik vyrai tokie, na kad tokiu dauguma tai taip. Apie moteris galiu pasakyt kad jos tikrai nera idealios, pvz. ka jau kalbeti apie pastovius verkeslenimus del isvaizdos kokia ji netobula, vyrams tikrai nereikia tobulu barbiu ir jei jie myli moteri tai tokia kokia ji yra o ne super truper butybe is virshelio. O ir tvarkytis vyrai megsta ne taip jau ir retai patys :) Zodziu neskubek Brigita persimesti prie lesbieciu, o pasidairyk aplink, ir kaip vienam komentare buvo, neieskok vyru baruose :);Males 
lrytas_sql_904;Tegu nereklamuoja savo orientacijų, o gyvena tyliai, kad nebent tik pro raktų skylutę galėtų matyti ir niekur kitur. Aš su savo vyru gyvenu ir niekam nesireklamuoju, nerengiu paradų, tai mūsų paslaptis ir niekas apie mūsų seksualinį gyvenimą nežino. O netradicinės orientacijos žmonės tyčia demonstruoja, rengia negražius paradus, kad tauta dar labiau iškryptų, po to ieško kas juos įžeidė. Jau dabar gėjai tokiais savo veiksmais pradėjo engti visus tradicinės orientacijos žmones, nesiskaito, nekenčia. Gyvenkite tyliai, ramiai, kaip visi žmones, ir niekas apie jus nekalbės ir nežinos;Homosexual individuals
lrytas_sql_904;O man atrodo, kad Rusijos gėjai taip pat iškovojo teisę reikšti savo netradicinius poreikius dar 1917 puldami ermitažą...;Gay Men
lrytas_sql_904;toki PARADOKSA- sakoma ir zinoma, kad nei gejai, nei lesbietes negali _daugintis_... bet kaip cia yra- ju kasmet vis daugiau?;Gay Men
lrytas_sql_2554;Isties teisybes nemazai apie vyrus parasyta, matosi kad ra praktika:) Tik ne visi vistik vyrai tokie, na kad tokiu dauguma tai taip. Apie moteris galiu pasakyt kad jos tikrai nera idealios, pvz. ka jau kalbeti apie pastovius verkeslenimus del isvaizdos kokia ji netobula, vyrams tikrai nereikia tobulu barbiu ir jei jie myli moteri tai tokia kokia ji yra o ne super truper butybe is virshelio. O ir tvarkytis vyrai megsta ne taip jau ir retai patys :) Zodziu neskubek Brigita persimesti prie lesbieciu, o pasidairyk aplink, ir kaip vienam komentare buvo, neieskok vyru baruose :);Females
lrytas_sql_904;vedly,ar tau rupi su kuo as guliu ar neguliu,ir viesai nesiafisuojhu kad noriu ar nenoriu,kad esu toks ar toks,taigi nereikia cia saves afisuotis ir niekam galvos neskaudes ka jus ten darote.kodel tau reikia musu ne geju pripazinimo,juk pats ir taip zinai.ir nebus jokiu problemu.va Lietuva alchoholyje skesta ypaz kaimas tai kazkodel nekovoji kad jie gimdo nesveikus vaikus,tai blogas pavysdys ir t.t.is cia yra tas SAVES AUKSTINIMAS KAD ESI GEJUS.ESI TAI IR BUK IR VISAI MAN NUSISPJAUT PER KUR TU TAI DARAI.O CIA NEREIKIA TOKIO PRANASO.VISUS IR SIUTINA KAD SAVE LAIKO AUKSCIAU NES JIE GEJAI.PAZIUREK JIEK VYRU NE GEJU NETURI MOTERU AR MOTERYS GYVENA BE VYRU NORS IR KAIP HU NORI.CIA IS SAVANAUDISKO EGOIZMO REIKALAUJA SAU DEMESIO,TIKRAI YRA DIDESNIU PROBLEMU NEI MUMS ZINOTI KAD JUS GEJAI;Gay Men
lrytas_sql_904;vedly,ar tau rupi su kuo as guliu ar neguliu,ir viesai nesiafisuojhu kad noriu ar nenoriu,kad esu toks ar toks,taigi nereikia cia saves afisuotis ir niekam galvos neskaudes ka jus ten darote.kodel tau reikia musu ne geju pripazinimo,juk pats ir taip zinai.ir nebus jokiu problemu.va Lietuva alchoholyje skesta ypaz kaimas tai kazkodel nekovoji kad jie gimdo nesveikus vaikus,tai blogas pavysdys ir t.t.is cia yra tas SAVES AUKSTINIMAS KAD ESI GEJUS.ESI TAI IR BUK IR VISAI MAN NUSISPJAUT PER KUR TU TAI DARAI.O CIA NEREIKIA TOKIO PRANASO.VISUS IR SIUTINA KAD SAVE LAIKO AUKSCIAU NES JIE GEJAI.PAZIUREK JIEK VYRU NE GEJU NETURI MOTERU AR MOTERYS GYVENA BE VYRU NORS IR KAIP HU NORI.CIA IS SAVANAUDISKO EGOIZMO REIKALAUJA SAU DEMESIO,TIKRAI YRA DIDESNIU PROBLEMU NEI MUMS ZINOTI KAD JUS GEJAI;Females
lrytas_sql_904;vedly,ar tau rupi su kuo as guliu ar neguliu,ir viesai nesiafisuojhu kad noriu ar nenoriu,kad esu toks ar toks,taigi nereikia cia saves afisuotis ir niekam galvos neskaudes ka jus ten darote.kodel tau reikia musu ne geju pripazinimo,juk pats ir taip zinai.ir nebus jokiu problemu.va Lietuva alchoholyje skesta ypaz kaimas tai kazkodel nekovoji kad jie gimdo nesveikus vaikus,tai blogas pavysdys ir t.t.is cia yra tas SAVES AUKSTINIMAS KAD ESI GEJUS.ESI TAI IR BUK IR VISAI MAN NUSISPJAUT PER KUR TU TAI DARAI.O CIA NEREIKIA TOKIO PRANASO.VISUS IR SIUTINA KAD SAVE LAIKO AUKSCIAU NES JIE GEJAI.PAZIUREK JIEK VYRU NE GEJU NETURI MOTERU AR MOTERYS GYVENA BE VYRU NORS IR KAIP HU NORI.CIA IS SAVANAUDISKO EGOIZMO REIKALAUJA SAU DEMESIO,TIKRAI YRA DIDESNIU PROBLEMU NEI MUMS ZINOTI KAD JUS GEJAI;Males 
lrytas_sql_904;...lrytas provakuoja savo straipsnais apie gejus,eili karta.kaip tradicija tampa geguze menesi/galite patikrinti archyva,net datos sutampa kada buvo spaudinamos straipsnai ..nes neliecia kasdienines musu pragyvenima..valdzios uzkulisius.bei kita..ir eilini karta neliecia tu kas uzsiima sia nesvaria kirsinima zmoniu..tai apmokama gerai,,jei gali skambineti ir grasinti..ir valdzai ir lrytui gerai zino kas finansuoja JA,ir nereikia visiokius moralius skaityti cia..nes nesvankius komentarius raso..tie patys nuolatiniai komentatorai..mes visi esame triuputi gejais.bi..leisbeis.tai susiduremia kasdien savo asmeniniam gyvenime..budami wc..laikydami var..a ar save glomoneja ryte savo cock..visur susidurem..net liesdami drauga pokalbio metu..net gyvunijos bei gamtoje yra geles.zuvis,zveris ir tt..AS GEJUS ir ka man padarysite,savo komentaruose purvinuos..MAN DO LAMPOCKI..jusu PYKTIS GEJAMS/p.s CIURLIONYS IR KITI ZYMIUS ZMONES BUVO GEJAIS..IR NIEKAS JU NESMERKE.;Gay Men
lrytas_sql_904;Lituvos gejai kartu iškovojo teise buti gejais sausio 13 nakti;Gay Men
lrytas_sql_922;Norvegijoje lesbiečių pora, susidūrusi su finansiniais sunkumais, iš spermos donoro prisiteisė alimentus vaiko išlaikymui... :O)));Lesbians
lrytas_sql_963;pasakė Veselka, galima prisigalvoti visko, netgi ir to kad lesbijiečių klanas egzistuoja Lietuvoje. Brangūs komentatoriai, galite nevargti, nes jau seniai ši byla yra aiški protingiems išsilavinusiems žmonėms bei specialistams. Aiškių aiškiausiai matosi kad ji yra sufabrikuota pabaisos Venckienės, manau ji turi gauti iki gyvos galvos;Lesbians
lrytas_sql_963;"Vieša paslaptis ko braunamasi į seimą arba anot Stomos apsirūpinti ""iki smerties"",bet ką šiandien Veselka nusišnekėjo apie Kedytės neva pardavimą motinai,nuskriaustas mergaites ( gal Veselka tarpininkavo Stankūnaitei nekaltybę atstatant :))?),užvaldžiusias valstybę lesbijietes,tai į bet kokius rėmus nebetelpa.";Lesbians
lrytas_sql_999;Šaunuolė, žydė! Aš ir mano cheba irgi siūlome, kad per Vasario 16 - ąją, Kovo -11- ąją ir kitas šventes Gedemino pr., Katedros aikšt. ir kitur galėtų rengti paradus tik gėjai, leisbėtės ir kiti nusipelniusieji. Pirmyn ...;Gay Men
lrytas_sql_2554;kvailas straipsnis. Autore nezino, kas yra lesbiete ir susideda su kazkokiais apkerpejusiais kelmais. be to, kiekvienas gauna tai, ko nusipelne.;Lesbians
lrytas_sql_1490;Agne visi prades vadinti lesbiete, taip Lietuvoj priimta - jei trumpi plaukai, reiskias lesbiete :D;Lesbians
lrytas_sql_1510;"Įdomu, atims jai mandatą ar ne...? Gal ji bus ""neakivaizdinė"" Seimo narė? Pabandyk paprastas žmogelis neateiti bent dieną į darbą- iškart už pravaikštas iššvilpsi... Matyt , pristatys pažymą, kad ją buvo pagrobę ateiviai ( ar pedofilai, gėjai, transvestitai.....)ir visi patikės ir toliau melsis kaip šventajai Indijos karvei...:)Ir toliau žybsės iš Seimo savo paklaikusiu žvilgsniu ""ant visos Lietuvos"". Patraukite ją iš ten ssimildmi, ar bent nefilmuokite- tai nuo to žvilgsnio kyla noras lietuviams žudytis. Rimtai.";Gay Men
lrytas_sql_1510;"Įdomu, atims jai mandatą ar ne...? Gal ji bus ""neakivaizdinė"" Seimo narė? Pabandyk paprastas žmogelis neateiti bent dieną į darbą- iškart už pravaikštas iššvilpsi... Matyt , pristatys pažymą, kad ją buvo pagrobę ateiviai ( ar pedofilai, gėjai, transvestitai.....)ir visi patikės ir toliau melsis kaip šventajai Indijos karvei...:)Ir toliau žybsės iš Seimo savo paklaikusiu žvilgsniu ""ant visos Lietuvos"". Patraukite ją iš ten ssimildmi, ar bent nefilmuokite- tai nuo to žvilgsnio kyla noras lietuviams žudytis. Rimtai.";Transgender Individuals
lrytas_sql_1510;"Įdomu, atims jai mandatą ar ne...? Gal ji bus ""neakivaizdinė"" Seimo narė? Pabandyk paprastas žmogelis neateiti bent dieną į darbą- iškart už pravaikštas iššvilpsi... Matyt , pristatys pažymą, kad ją buvo pagrobę ateiviai ( ar pedofilai, gėjai, transvestitai.....)ir visi patikės ir toliau melsis kaip šventajai Indijos karvei...:)Ir toliau žybsės iš Seimo savo paklaikusiu žvilgsniu ""ant visos Lietuvos"". Patraukite ją iš ten ssimildmi, ar bent nefilmuokite- tai nuo to žvilgsnio kyla noras lietuviams žudytis. Rimtai.";Pedophile
lrytas_sql_1537;buvo lyderes, dauzydavosi su berniukais-tai cia apie merginas?,ar apie kokius transvestitus?nes as tokiu nepazystu;Trans women
lrytas_sql_1540;Lietuvą gėjams!;Gay Men
lrytas_sql_1591;kas čia tokio, net ir seimūnai viešai išviešina, kad yra gėjai, negi radžis reikšmingesnis, ir šiaip šou pasaulyje jų labai daug, dabar jau kiti laikai;Gay Men
lrytas_sql_1634;Skaitau šitą straipsnį ir verkiu - kiek galima žeminti ir niekinti gėjus. Broliai lietuviai, ar negėda jums dėl jų niekinimo, dėl draudimo žygiuoti gatvėmis? Negana to dar jie, būna apsupti policijos pajėgų. Keiskime požiūrį, leiskime žygiuoti gėjams per Vilnių be policijos apsaugos ir kiekvienas paspauskime jiems ranką, apkabinkime, paplokime per petį - aš už gėjų eitynes, bet prieš tai kad būtų policija - kaip būtų malonu likti akis į akį su gėjais, pagalvokime - Vilnius, vakaras, malonus saulėlydis ir gėjai ir Lietuvos žmonės, be jokios policijos, be jokių spygliuotų tvorų. Gra butų, ar ne, broliai lietuviai?;Gay Men
lrytas_sql_1634;"Pasirodo,Kopenhagos merui gėjai ir lesbietės yra vertinga dovana ir džiaugsminga šventė visiem piliečiam,vien tik pamatyti žygiuojančius porelę vyrų ar moterų,žinoma šį įspūdingą reginį būtina pamatyt vaikam,taigi nuo vaikystės jau ""būtina"" aiškint ir rodyt apie meilę vyro vyrui,ar moters moteriai,lyg sulaukę pilnametystės,t.y subrendę kaip asmenybės jie apie tai nesužinos,ypatingai šiais informacijos laikais.Ir ,kad kovot už teises nebūtina plėvesuot ta vėliava ir žiūrint kokias teises,jei siekiama teisės įsivaikint vaikus,tai reikėtų galvot ne vien tik apie savo norą,bet ir apie vaiko teisę augt šeimoj,kurioj vyras yra tėvas ,o moteris yra motina.";Gay Men
lrytas_sql_1634;"Pasirodo,Kopenhagos merui gėjai ir lesbietės yra vertinga dovana ir džiaugsminga šventė visiem piliečiam,vien tik pamatyti žygiuojančius porelę vyrų ar moterų,žinoma šį įspūdingą reginį būtina pamatyt vaikam,taigi nuo vaikystės jau ""būtina"" aiškint ir rodyt apie meilę vyro vyrui,ar moters moteriai,lyg sulaukę pilnametystės,t.y subrendę kaip asmenybės jie apie tai nesužinos,ypatingai šiais informacijos laikais.Ir ,kad kovot už teises nebūtina plėvesuot ta vėliava ir žiūrint kokias teises,jei siekiama teisės įsivaikint vaikus,tai reikėtų galvot ne vien tik apie savo norą,bet ir apie vaiko teisę augt šeimoj,kurioj vyras yra tėvas ,o moteris yra motina.";Lesbians
lrytas_sql_1634;Smagu, kad tiek gėjams, tiek valdžiai taip pat nusispjauti ant tokių kaip tu, tavo nuomonės ir tavo baimių :) Gal jau laikas užaugti ir nebebūti bukapročiais??? Sakai nesikiši? Tai ir nesikišk, ne tavo reikalas kur gėjai nori tuoktis, nes lygiai taip pat gėjai nesikišo kai tu tuokiesi, ar kai tave darė, kad „vyrai“ gimtų. Beje, nei tau, nei man nežinoti kokį pasaulį Dievas kūrė, ir jei tu neturi pradinio išsilavinimo, tai žinoma ir nežinai, kad tai nėra kažkokia liga, o tai natūralu ir gamtoje šunys dulkina šunis ir t. t.P.S. Linkiu tavo VYRAMS tapti GĖJAMS, tai daugiau meilės pasaulyje bus, o ne kvailos neapykantos. Pamatysi kaip pritapsi ir vaikų neišsižadėsi, nes na - tik psichiniai ligoniai vaikų gali išsižadėti dėl kažkokių nesąmonių.;Gay Men
lrytas_sql_1639;maja tai istikruju yra ciurlionis. jis transvestitas. neporinem savaites dienom jis moteris (maja) o porinem jis vyras ( ciurlionis ) :);Transgender Individuals
lrytas_sql_1832;saugumas tik gėjams. Paprastas žmogelis gali ir mirti;Gay Men
lrytas_sql_1833;o ten tie gejai Slovenijoj nuo vakar dauzosi rankom?;Gay Men
lrytas_sql_1865;"na ir įsižeidžaintys tie mūsų policmeisteriai , kai gėjai bangas kelia tai jie kaip avinukai šustausko klyno turinį mėGĖJAI patikrinti o kai einikio širdies draugė tai jie mat įsižeidė , mat į duris beldėsi ir neatidarė , na ko ten visokiems jas atidarinėti , maža kas dar apvogs , gi pilicija iš tų tai maža ko gali laukti ,- aš jei blogai patampa visad kviečiuosi medikus ,tie sąko skubame tik nemirk , sakau mane išgelbės dvi švyturio ekstra porcijos , atveža o ką jiems bedaryti ir degalai gi valdiški , tokia graži jauna sesutė tik užeina halatuka tik švyst į šalį , sąko o čia siurprizas kad širdies ligomis nesirgtum , tsakant daro prevencija ...mano kaimynas tai vis gaisrininkus iškviesti mėgėjas sąko degu vyrai atlėkit , tie atlekia ką sąko gesinti turėsme , va sąko pelenine žmona kažkur nukišo o jau kaip ir parūkiau , visko gi gyvenime būna , kiti tai du kartus gyventi įsigudrina o mes tik viena , o jei vienas tai turi tobulu būti ;)";Gay Men
lrytas_sql_2172;jurgis kairys vakar skraidino i darba, kazkokia boba is serialo blynus kepe man, pats briusas willisas suni mano vedziojo ryte. tik gaila, kad laikrasciai apie tai neparase, neturiu pazystamo zurnalisto :( ai va dar ateiviai lesbietes vienakojos buvo pagrobe mane, paskui sanitaras isjunge palatoj sviesa ir liepe it miegot visiems :D;Lesbians
lrytas_sql_2211;"Žmogus ir šalis - du skirtingi dalykai. Svarbiausia, kad tas žmogus netapatintų savęs su šalimi. Turiu draugų rusų, kai kurie net lietuviškai sunkiai šneka, bet jie rodo norą išmokt - man šneka lietuviškai, aš jiems atsakau rusiškai, kadangi pats noriu išmokt rusų kalbos. Kad ir esu draugiškas rusams (kaip ir visiems kitiems), man rasių skirtumas baimės nesukelia, taip pat nesu homofobas - gėjai gali gyvent šalia manęs ir man jie netrukdo, man Rusija, kaip šalis, jos politika kelia šleikštulį. Negaliu pakęst to rusiško identiteto piršimo per televizijas, rodant rusiškus filmus, verčiant ANGLIŠKUS (!) į rusų kalbą, užsukinėjant kranelius ir taip toliau. Rusija negali susitaikyti su tuo, kad nusmuko ir nebėra nei stipri, nebeturi pagarbos. Kalinio mentaliteto šalį valdo tas, kuris ""stiprus"" - Putkinas susidoroja su politiniais priešininkais, kurie, būdami protingesni, išaugę iš kalinio mentaliteto lygio, orientuojasi į vakarietiškas vertybes. Putkinas žino - vakarietiškais metodais Rusijai neįmanoma pasivyt vakarų, todėl jis bando tai daryt rusiškais metodais - represijomis, žodžio laisvės tramdymu, autoritariniu režimu. Sovietinis turinys vakarietiškąja forma. ------------- Taigi darykime išvadas - lietuviai eina į Vakarus, nes būtent vakarai yra toji NORMALI civilizacija. Tai rusiškoji civilizacija pagimdė nusikalstamumą Lietuvoje - paklausykite, kokia kalba dažniausiai kalba kaliniai, kokios kalbos yra jų žargonas? Ir būtent rusiškos prigimties žmonėms labai sunku persiorientuoti prie vakarietiškumo, laisvės daryt tai, kas anksčiau buvo draudžiama. Rusai - mano draugai, bet Rusiją aš laikau priešu.";Gay Men
lrytas_sql_2212;Pagalvojau kad transvestitas.;Transgender Individuals
lrytas_sql_2213;Nesuprantu kodel gejai nori reklamos.Gyvenkit milekites tarpusavi ir nekalbekit viesai.Kodel mes misrios poros nesireklamuojam.;Gay Men
lrytas_sql_2213;"Lai gėjai myli gėjus.Man tai visai netrukdo.Bet kodėl aš, lietuvis, turėčiau mylėti gėjus, jei aš jų nemyliu?Kaip ta prievartinė meilė turėtų vadintis, koks čia būtų ""... CIDAS"" ?";Gay Men
lrytas_sql_2213;"na, be pykcio konstantuokime kelis dalykus: sunys loja, o karavanas eina. jei pries 15 metu nebuvo JOKIOS informacijos geju tema, tai siandien jos-LABAI DAUG. O dar po 15 metu, neabejoju, priimsime istatyma, reglamentuojanti geju sajungas, o po 50 metu-ir geju santuokos istatyma (tada, kai ismirs si karta). Gerbiu gejus, kurie nori rengti ir dalyvauti akcijose, eitynese viesai, nes tai vienintelis kelias atkreipti i 5-10% visuomenes dalies interesus, pats Seimas niekada nepriimtu mums reikalingu istatymu..Apie save: esu 50 zmoniu imones vadovas, turiu 5 metus drauga; ir..nelaikau saves jokiu ligoniu, o is patirties zinau, kad tie, kurie nekencia geju, YRA PATYS GEJAI...Visiems geros dienos";Gay Men
lrytas_sql_2213;Žiauriai skurdus minčių diapazonas tos pučkutės: čipolinai, gėjai, netolerancija... Mergyt, laikas tau keist veiklos pobūdį! Gal imkis k1 nors i6 molio lipdyt...;Gay Men
lrytas_sql_2256;apsimetu nekalta, apsimetu lesbiete, po to viska pateikiu kaip tiesa apie situacija Lietuvoje. Idomu kaip cia butu, jei zmones apismestu, kad Lietuvos ryto laikrascio nera ir nepirktu, ar isgyventu apsimestiniai zurnalistai su ju vadai rasydami apsimestinius paistalus tik internetiniame puslapyje?;Lesbians
lrytas_sql_2256;juk apskritai zmones i lesbietes ziuri daug tolerantiskiau nei i gejus. manau, kad tai normalu. ir stai pagal straipsni matosi, kad lietuviai pakankamai tolerantiski kitos orientacijos zmonems, bent jau tol, kol jie viesai neasiafisuoja ir demonstratyviai nebruka savo poziuriu. todel ir nereikia sakyti, kad lietuviai labai jau homofobiski;Lesbians
lrytas_sql_2256;juk apskritai zmones i lesbietes ziuri daug tolerantiskiau nei i gejus. manau, kad tai normalu. ir stai pagal straipsni matosi, kad lietuviai pakankamai tolerantiski kitos orientacijos zmonems, bent jau tol, kol jie viesai neasiafisuoja ir demonstratyviai nebruka savo poziuriu. todel ir nereikia sakyti, kad lietuviai labai jau homofobiski;Gay Men
lrytas_sql_2256;Kad gausi darba, nes lesbiete, tai aisku . Bet jei pasakysi, kad mokykla baigiai aukso medaliu ir dar aukstaji su pagyrimu, tai tai gali net nemeginti ieskoti- niekas nepriims. Na nabent pasakysi, akd 10 vaiku turi ar sugyventini, ar sugyventine ar Budrevicienes gimine , tai tikrai visi isskestomis rankomis priims. Manyciau, visai neaktuali tema, nes lesbietes, motinos ir visi kiti su technikumais LLLLLLLLLLLlLietuvoje nebadauja;Lesbians
lrytas_sql_2258;"jei tavo nuomone kita tai - ""O jeigu jus kazko nesuprantate ar jums kazkas neaisku ir pykstate, - ieskokite problemu savyje, nes, gal but, tiesiog per siaurai mastote"" Ir tai tik vienas is pavyzdiu. Vienu zodiu jei ne uz gejus tai viskas tu ""nurasytas zmogus"". Vien del to gejai jus ir sukeliat priespriesa...";Gay Men
lrytas_sql_2265;“Tautinės tradicijos” sužydės visomis spalvomis. Gal net 80 mln. litų investuoti neteks. Tik kažin kas po to, be liberaldemokratų ir studentų-tradicionalistų, norės gyventi Vilniuje? tai negi dabar ten 90proc geju ir lesbieciu gyvena? nenores tai nereikia,pakaks norinciu gyventi studentų-tradicionalistų :)))))))))));Gay Men
lrytas_sql_2265;“Tautinės tradicijos” sužydės visomis spalvomis. Gal net 80 mln. litų investuoti neteks. Tik kažin kas po to, be liberaldemokratų ir studentų-tradicionalistų, norės gyventi Vilniuje? tai negi dabar ten 90proc geju ir lesbieciu gyvena? nenores tai nereikia,pakaks norinciu gyventi studentų-tradicionalistų :)))))))))));Lesbians
lrytas_sql_2265;Nu Tamsta tiesiog tobulas tolerancijos pavyzdys, vertas visų ES pavyzdingo piliečio regalijų, galit miegot ramučiai. Amen:DDDDDDDDDDDDDDDDDDDDDDDDDDDDDDDDDDDDO šiaip tai labai Jums pritariu ir manau, kad 99 procentai visuomenės mąsto būtent taip. Esam gėjams tolerantiški, bet iki tam tikros RIBOS. Kol jie nuogais užpakaliais apsitempę sadomazochistiniai latekso rūbeliais (čia visų gėjų paradų atributas) neina ir nesimakaluoja man ir mano vaikams panosėj, tegu savo klubuose, namuose ir kitose neviešose vietose daryt ką tik nori.;Gay Men
lrytas_sql_2265;ach tie gėjai niekadėjai;Gay Men
lrytas_sql_2265;Nemanau, kad autorius būtinai gėjus. Homofobų bruožas - bet kokį seksualines mažumas ginantį žmogų apšaukti gėjumi ar lesbiete. Ar jūsų galvelėse netelpa, kad autorius tiesiog blaiviai mąstantis žmogus, neturintis homofobijos (nepagrįstos homoseksualų baimės) problemų, tiesiog ginantis žmonių teises į demokratišką gyvenimą?;Gay Men
lrytas_sql_2265;Nemanau, kad autorius būtinai gėjus. Homofobų bruožas - bet kokį seksualines mažumas ginantį žmogų apšaukti gėjumi ar lesbiete. Ar jūsų galvelėse netelpa, kad autorius tiesiog blaiviai mąstantis žmogus, neturintis homofobijos (nepagrįstos homoseksualų baimės) problemų, tiesiog ginantis žmonių teises į demokratišką gyvenimą?;Lesbians
lrytas_sql_2274;Esu geimeris nuo 1998tuju ir galiu patikint kad marijonas nera joks geimingo cempijonas, jokiuose kibersporto turnyruose nedalyvavo, WCG atrankoje nepastebetas.Zinote ka jis zaidzia?World Of Warcraft, fantasy gyvenimo simuliatorius,zaisdamas ji isitrauki i virtualiaja realybe,nesiskuti,tampi priklausomas.Zaidimai buna virtualaus pasaulio, rungtyniu pobudzio,vieno zaidejo su siuzetu.Pats zadziu tik rungtyniu, nes tai panasiai kaip saxmatai ar kortos,suzaidei kelias partijas pries zmogu internetu koki strategini zaida ir nuvarai tusintis su xebra,palost kasi,mokaisi, arba vieno zaidejo,kai neturi ka veikt vietoj teliko ziurejimo zaidi zaidima su idomiu siuzetu.Cia yra hobis,o ne gyvenimo budas, kodel zvejai sededami visa diena prie ezero yra normalus, o geimeriai kazkokie apsepe,nesiprausiantys ir gejai :D cia yra debiliskas nusistatymas vyresnio amziaus zmoniu, kai kuriu merginu.Vyrams yra igimta kariaut, todel smagu pakariaut pries realu priesininka internete, negu pizdavotis po gatves.Sakot zaidimai vaikams :)? dauguma siuolaikiniu zaidimu nera vaikiski,ten daug ziaurumo kraujo arba reikalauja loginio mastymo,kas vaikams tikrai netinka.;Gay Men
lrytas_sql_2357;skanduoja -blogai, neskanduoja ir vėl blogai. Niekaip tiems gėjams neitiksi .;Gay Men
lrytas_sql_2357;politikai visais laikais nacionalistus isleisdavo ki noredavo denmesi nukreipt nuo kokiu problemu.. stai ir dabar.. ir Vokietijoje tas pat buvo.. Bet ar gejai yra Lietuvos problema? o as galvojau kad problema tai smurtas seimose, bedarbyste, emigracija.. Agresija trykstantiems komentatoriams tai ne problema - problema - gejai..;Gay Men
lrytas_sql_2377;sexsualumui truksta etikos. Vyrai ir nori badyti moters rudaja skyle, o , po to gi moters isangeje pasidaro defektu, ir stai - turim sveikatos sutrikimu. O moterims, kurios laukiasi ar dar tikisi pastoti, patarciau nesisaipyti is lesbieciu ir geju, nes jusu atzala gali buti tokia pat arba toks pat.;Males 
lrytas_sql_2377;sexsualumui truksta etikos. Vyrai ir nori badyti moters rudaja skyle, o , po to gi moters isangeje pasidaro defektu, ir stai - turim sveikatos sutrikimu. O moterims, kurios laukiasi ar dar tikisi pastoti, patarciau nesisaipyti is lesbieciu ir geju, nes jusu atzala gali buti tokia pat arba toks pat.;Females
lrytas_sql_2377;sexsualumui truksta etikos. Vyrai ir nori badyti moters rudaja skyle, o , po to gi moters isangeje pasidaro defektu, ir stai - turim sveikatos sutrikimu. O moterims, kurios laukiasi ar dar tikisi pastoti, patarciau nesisaipyti is lesbieciu ir geju, nes jusu atzala gali buti tokia pat arba toks pat.;Lesbians
lrytas_sql_2421;Amerikonai fakina ,o o lenkai ku.vina net nesusimastydami,o stai mergaitei uzkliuvo.Kariskiai is viso naudoja tik keiksmazodzius ir puikiai su jais ishsivercia.Darbas tokis -susijes su agresija ir jegos naudojimu.Malonus yra gal tik gejai:);Gay Men
lrytas_sql_2474;betgi ji negraži, tik kad ryškiai rengiasi ir elgiasi nenormaliai. gėjai ir transvestitai taip elgiasi kažkodėl. o šiaip visai gerai tokie straipsniukai paskaityti, visai linksma. žiūrėkit kiek prirašo komentarų apie proninas ir minedus kai parašo.;Gay Men
lrytas_sql_2474;betgi ji negraži, tik kad ryškiai rengiasi ir elgiasi nenormaliai. gėjai ir transvestitai taip elgiasi kažkodėl. o šiaip visai gerai tokie straipsniukai paskaityti, visai linksma. žiūrėkit kiek prirašo komentarų apie proninas ir minedus kai parašo.;Transgender Individuals
lrytas_sql_2494;jeigu esi lesbietė tai vyro kaip ir nereikia na ir technikos amžius visgi;Lesbians
lrytas_sql_2515;busite, kad taip uzspringes raseivomis, kurie yra pries betkoki megeja geja ir uztareja, neneigiame, turys uzantyje DAININKO IR KOMPOZITORIAUS JOCHNO fotoskrajute.;Gay Men
lrytas_sql_2554;O kas tos lesbijietės ?;Lesbians
lrytas_sql_2554;O va man sekėsi su vyrais ir nieko patarti šiai mergytei negalėčiau.Kodėl pasisekė?Vyras - tai beveik tuščias lapas, ką nori , tą jame įrašai.Rašyk gerai- ir rezultatai bus geri , ir nereiks leist laiko sriūbavimams - a kodėl aš ne lesbietė?Nebūtum gera ir lesbietė , manding.;Lesbians
lrytas_sql_2603;"Klausimas gerbiamai autorei? Ar paciai neatrodo, kad gelbedama gejus nuo netolerancijos kaltinate amishus ir kvakerius sektantiskumu? Ar tai nera netolerancija? Jei jau esate tolerantiska gejams, kodel negalit buti tolerantiska tarkim religinems mazumoms? Anokia cia tolerancija, islenda tik pagieza ir kazkoks uzsleptas pyktis lietuvos kulturai, bei vakarietisku alia ""vertybiu"" garbinimas. Man tiesa pasakius mielesnis lietuviskos karves sudas ir klumpes, nei vakarietiski makdonaldai ir vidumi sudina kultura. Beje, jei buciau kvakeris, labai isizeisciau tokiu straipsniu.";Gay Men
lrytas_sql_2931;Dėl Down'o sindromo: klausimas tuomet yra toks, jei aš sergu kažkokia liga, ypač jei turiu protinę negalę, nevisai galiu funkcionuoti visuomenėje, ir man reikalinga priežiūra, tiesa? O kaip gėjai ir lesbietės? Ar reikia, kad jį/ją kas nors prižiūrėtų, padėtų apsipirkt, pagelbėtų keliaujant autobusu... Tai čia jums ir atsakymas. O ką reiškia peržengti padorumo ribas? Jei aš esu gėjus (lesbietė) ir einu rankomis susikabinęs (-usi) su savo antrąja puse, arba ant suoliuko su juo/ja bučiuojuosi, tai, pagal naująjį įstatymą, reiškia homo-propaganda, ir, to pasekoje, galiu būti baudžiamas pagal šitą įstatymą, nes propaguoju homoseksualius santykius, ir taip jį pažeidžiu? Tiesa? Va štai kur ir atsiranda diskriminacija, nes tai niekuomet net į galvą neateitų heteroseksualioms poroms.;Gay Men
lrytas_sql_2931;Dėl Down'o sindromo: klausimas tuomet yra toks, jei aš sergu kažkokia liga, ypač jei turiu protinę negalę, nevisai galiu funkcionuoti visuomenėje, ir man reikalinga priežiūra, tiesa? O kaip gėjai ir lesbietės? Ar reikia, kad jį/ją kas nors prižiūrėtų, padėtų apsipirkt, pagelbėtų keliaujant autobusu... Tai čia jums ir atsakymas. O ką reiškia peržengti padorumo ribas? Jei aš esu gėjus (lesbietė) ir einu rankomis susikabinęs (-usi) su savo antrąja puse, arba ant suoliuko su juo/ja bučiuojuosi, tai, pagal naująjį įstatymą, reiškia homo-propaganda, ir, to pasekoje, galiu būti baudžiamas pagal šitą įstatymą, nes propaguoju homoseksualius santykius, ir taip jį pažeidžiu? Tiesa? Va štai kur ir atsiranda diskriminacija, nes tai niekuomet net į galvą neateitų heteroseksualioms poroms.;Lesbians
lrytas_sql_2931;"Kaip suprast? Kaip tik sakau, kad informacijos negalima ribot, viskas turi būti aiškiai matoma, o tas įstatymas įpareigoja daug ką slėpti nuo nepilnamečių. Ir ką tiksliai Jūs vadinate infor, nepatinkanti ""prišiktom beretėm""? (Čia, spėju, apie gėjus ir lesbietes kalbat?)";Gay Men
lrytas_sql_2931;"Kaip suprast? Kaip tik sakau, kad informacijos negalima ribot, viskas turi būti aiškiai matoma, o tas įstatymas įpareigoja daug ką slėpti nuo nepilnamečių. Ir ką tiksliai Jūs vadinate infor, nepatinkanti ""prišiktom beretėm""? (Čia, spėju, apie gėjus ir lesbietes kalbat?)";Lesbians
lrytas_sql_2931;"Naudingi visuomenėje darbai ir žmogaus seksualumas - nesuderinami dalykai, todėl net jei gėjai ir lesbietės padeda seneliams ir kitiems visuomenės nariams gyventi, jie to nedaro norėdami būti pastebėti, kad štai, gėjai stato seneliams namus... Kas dėl apsigimimo, tai keista, kad toks ""apsigimimas"" egzistuoja visuose pasaulio kraštuose, visais laikais, ir sudaro apie 10 procentų bet kurios visuomenės, tiesa? O paradai, ypatingai su ""nuogais užpakaliais"" - tai pykčio išraiška. Jei jau didžioji visuomenės dalis sako, kad gėjai iškrypėliai ir apsigimėliai - tai jie tai ir stengiasi parodyti - visą iškrypėliškumą! Tačiau prieš ar po eitynių (ar parado) nieko panašaus nesimato gatvėse, tiesa? Tai tik atkirtis tiems, kurie gąsdinasi homoseksualumu. Tikrai tolerantiškose visuomenėse paradai yra tapę daugiau šventiniu renginiu ir ilgainiui, manau, visai pradings.";Gay Men
lrytas_sql_2636;ojoj galetu atgal grist ir su transvestitais toliau glebesiuotis , negu cia dabar verktu grizes, kad valinskas ar dar kas susidoro su juo;Transgender Individuals
lrytas_sql_2655;o tai nezinojai kad eurovizija yra neoficealus geju renginys,kuriame dalyvauja tukstanciai geju?be to didiziausi eurovizijos gerbejai vakaru europoje ir yra gejai..kazkoks neispruselis dar komentarus raso... bet ka noret 70%zmoniu lietuvoj neispruse:)todel ta krize tjp jus ir uzede:D;Gay Men
lrytas_sql_2656;Kai kaliniams, tai jokių teisių amerikonams nereikia. Gėjams paremti, laiškus rašo gudruoliai.;Gay Men
lrytas_sql_2658;nebegalima paciam balkono spalvos pasirinkti:) O gejams sostinej marsiruoti ir dar geguzes 8 d galima, valstybej ligonines uzdaryt galima, vaiku pinigus atimt galima- nes tvarka turi buti:);Gay Men
lrytas_sql_2659;dviem moteriskem lengviau auginti 2 vaikus,nei vienai.Uzsinorejo vaiko-pasidare su kaimynu,uzaugins ir dar du.O pabuti transvestitais ar prisisiuti ka nors-mieloc!Tada babkes visai kitos ka prostitutem!Putkos tai neuzsiuvo.Gimdo normaliai,net hormonai tvarkoj-be cezario piuvio ne kiekviena dar Amerikoj pagimdo naturaliai.Odabar reklama daro-bus babkiu ir jom,zurnalistam,daktaram-suks galvas ziopliem paaugliam...ir kt.;Transgender Individuals
lrytas_sql_2659;dviem moteriskem lengviau auginti 2 vaikus,nei vienai.Uzsinorejo vaiko-pasidare su kaimynu,uzaugins ir dar du.O pabuti transvestitais ar prisisiuti ka nors-mieloc!Tada babkes visai kitos ka prostitutem!Putkos tai neuzsiuvo.Gimdo normaliai,net hormonai tvarkoj-be cezario piuvio ne kiekviena dar Amerikoj pagimdo naturaliai.Odabar reklama daro-bus babkiu ir jom,zurnalistam,daktaram-suks galvas ziopliem paaugliam...ir kt.;Females
lrytas_sql_2665;na jio..pamenu, kai per lnk tada dar vykusi zaidima, gejaus kirilkino paklase, kas tai per isntitucija, jos vadai buvo pagrinde italai, priespaksutinis lenkas, o dabar vadovauja vokietis, ji veikia kone 2000 metu, ir tas maste maste gal 5 minutes ir niekaip nesumaste...tai kiek reikia butu buku ir kvailu, o ka primeta protinga...;Gay Men
lrytas_sql_2744;jie gana smagūs gėjai;Gay Men
lrytas_sql_2764;Seksualinė anoreksija...Man tik įdomu, ar teologai, dvasininkai ir visi kiti religingieji kada nors įstengs akis pakelti nuo svetimų genitalijų ir pažvelgti į žmonių sielas?Pasaulis sukasi ne apie genitalijas ir žmonės ne tik reproduktoriai.Beje, gėjai ir lesbietės gali turėti biologinių vaikų. Jiems nebūtina įsivaikinti. Jei jums tikrai rūpėtų vaikų gerovė, apie šią problemą derėtų rimčiau pagalvoti.;Gay Men
lrytas_sql_2764;Seksualinė anoreksija...Man tik įdomu, ar teologai, dvasininkai ir visi kiti religingieji kada nors įstengs akis pakelti nuo svetimų genitalijų ir pažvelgti į žmonių sielas?Pasaulis sukasi ne apie genitalijas ir žmonės ne tik reproduktoriai.Beje, gėjai ir lesbietės gali turėti biologinių vaikų. Jiems nebūtina įsivaikinti. Jei jums tikrai rūpėtų vaikų gerovė, apie šią problemą derėtų rimčiau pagalvoti.;Lesbians
lrytas_sql_2773;Labai aiškus ir tolerantiškas straipsnis. Už jo tiesiog matai tolerantišką Dievo tarną. Aš visada maniau, tegu sau gyvena ir gėjai. Svarbu, kad artimu, kaimynui, bendruomenei pikto nedaro ir nesididžiuoja..., o jeigu yra atvirščiai...???;Gay Men
lrytas_sql_2905;prie ko cia mazumos? taigi vyras moteru wc buvo. jau sapnuojasi gejai ane?;Gay Men
lrytas_sql_2927;ka tik paklausiau gejaus draugo jis pasake jei butu atvirksciai geju tiek keik dabar yra normaliu o normaliu kiek geju tai butu labai visur linksma ir labai sumazetu nusiklatimu apie 70 procentu;Gay Men
lrytas_sql_2927;O ISLANDIJOJ PREMJIERE LESBIETE IR NIEKAM TAI NEMAISO GERIAU GALVOKIT KAIP VAGIS IR VISUS KITUS ZULIKUS SUKONTROLIUOTI;Lesbians
lrytas_sql_2928;Kame agresija? Iš šalės jos nesijaučia. Galima tiesiog teigti kad lesbijietiška galva gali būti ir protinga;Lesbians
lrytas_sql_2928;ir pagaliau: ar galima issireikalauti pagarba? niekada nebuvau pries gejus, bet jau pradeda atsibosti tas nuolatinis kazkokiu mistiniu teisiu reikalavimas. as nenoriu zinoti nei kaip heteroseksualai gyvena savo asmenini gyvenima, nei kaip gejai. o vaikai turi teise is viso nesidometi seksu iki tol, kol jiems nebutina.;Gay Men
lrytas_sql_2928;Šaunuolė Kristina, viska teisingai išdėstė - pačią esmę. Ir ne gėjai čia svarbiausia (tiesą sakant niekur ir nemačiau itin didelio jų propagavimo. Be to nuo žinojimo kad tokie yra turbūt dar nė vienas nepasidarė gėjus, kaip ir pvz. netapo žudiku, paskaitęs detektyvą ar trilerį). Esmė ta, kad dabar bus tikrų tikriausia cenzūra ir taip valdininkai galės susidoroti su jiems nepatinkančia žiniasklaidos priemone - ar kad įdėjo mėsainio ar cepelino reklamą ar kad parašė apie kokią avariją.;Gay Men
lrytas_sql_2928;"KAS TAU RODE HOMOSEKSUALIUS VEIKSMUS PER PRIEVARTA??? Man rodos, jau greiciau gejai gali klausti - ""Ar homoseksualai turi pakesti tai, kad jiems per prievarta yra rodomi heteroseksualu vaizdai sukeliantys pasislykstejima ir baime""? Juk musu televizija pilna sekso!";Gay Men
lrytas_sql_2931;niekas to įstatymo neskaitę, o komentuoja. Pasiskaitykit. runkeliai, kuriems visur vaidenasi gėjai.;Gay Men
lrytas_sql_2931;Lezbijonas- lesbijiete, patinai vaiku nesulaukia ne tik tarp gyvunu, bet ir tarp zmoniu. Aisku, kad zmogui arba kokie 70 metu arba jis is vienos istaigos, ir tai gyvas pavyzdys, kad negalima informacijos riboti.;Lesbians
lrytas_sql_2931;"Naudingi visuomenėje darbai ir žmogaus seksualumas - nesuderinami dalykai, todėl net jei gėjai ir lesbietės padeda seneliams ir kitiems visuomenės nariams gyventi, jie to nedaro norėdami būti pastebėti, kad štai, gėjai stato seneliams namus... Kas dėl apsigimimo, tai keista, kad toks ""apsigimimas"" egzistuoja visuose pasaulio kraštuose, visais laikais, ir sudaro apie 10 procentų bet kurios visuomenės, tiesa? O paradai, ypatingai su ""nuogais užpakaliais"" - tai pykčio išraiška. Jei jau didžioji visuomenės dalis sako, kad gėjai iškrypėliai ir apsigimėliai - tai jie tai ir stengiasi parodyti - visą iškrypėliškumą! Tačiau prieš ar po eitynių (ar parado) nieko panašaus nesimato gatvėse, tiesa? Tai tik atkirtis tiems, kurie gąsdinasi homoseksualumu. Tikrai tolerantiškose visuomenėse paradai yra tapę daugiau šventiniu renginiu ir ilgainiui, manau, visai pradings.";Lesbians
lrytas_sql_2931;"Ne visai tiksliai pasakyta, kad homoseksualai RENKASI tos pačios lyties partnerį, taip jau yra, kad žmogų traukia tos pačios lyties žmogus. Kokios to priežastys - neaišku, tačiau turbūt genetinės ir socialinės - sunku pasakyti (kol kas). Ar homoseksualai nepritampa mūsų visuomenėje? Hm, Lietuvoje gyvena apie 200 000 homoseksualių žmonių, kiek jūs pažįstat? Aš irgi ne per daugiausiai. O tai reiškia, kad jie yra užsislaptinę, tikriausiai vedę ar ištekėję, turi šeimas, kuriose nepatiria emocinės, dvasinės ir seksualinės pilnatvės. Iš to kyla įvairios psichologinės problemos, kurios, deja, perduodamos vaikams. Tai TIK tokia problema. O tie žmonės, kurie išdrįsta prisipažinti, kad jie yra homoseksualūs, negali pritapti heteronormatyvioje patriarchalinėje visuomenėje, kuri nėra (kol kas) pasiruošusi jų priimti tokių, kokie jie yra. Apie ""ju (gėjų ir lesbiečių) neigalumui pritaikytus istatymus"", galima būtų pastebėti, kad tikrai vakarietiškose šalyse (Švedija, Norvegija, Danija, Kanada, Australija ir t.t. galioja patys įvairiausi įstatymai, kurie nediskriminuoja žmogaus pagal jo lytinę orientaciją. O LT?)";Homosexual individuals
lrytas_sql_2931;o jas pagal tave geri ir kas jei jie gejai?;Gay Men
lrytas_sql_2931;Reni buvo sėkmingai veikiantis organizacijos „LGBT Youth Scotland“ („Škotijos lesbiečių, gėjų, biseksualų ir transeksualų jaunimas“), padedančios jauniems homoseksualams, vadovas.Buvęs vidurinės mokyklos mokytojas, Reni nuolat viešai kalbėdavo apie su gėjais susijusias problemas, ypač akcentuodamas tai, kaip šios problemos veikia jaunus žmones.Jis nuteistas už ilgus metus trukusį mažamečio išnaudojimą, prasidėjusį, kai šiam buvo trys mėnesiai. Kūdikį jam patikėdavo prižiūrėti draugų pora. Vėliau Reni savo tvirkinamo kūdikio nuotraukomis internetu dalindavosi su kitais pedofilais.;Gay Men
lrytas_sql_2931;Reni buvo sėkmingai veikiantis organizacijos „LGBT Youth Scotland“ („Škotijos lesbiečių, gėjų, biseksualų ir transeksualų jaunimas“), padedančios jauniems homoseksualams, vadovas.Buvęs vidurinės mokyklos mokytojas, Reni nuolat viešai kalbėdavo apie su gėjais susijusias problemas, ypač akcentuodamas tai, kaip šios problemos veikia jaunus žmones.Jis nuteistas už ilgus metus trukusį mažamečio išnaudojimą, prasidėjusį, kai šiam buvo trys mėnesiai. Kūdikį jam patikėdavo prižiūrėti draugų pora. Vėliau Reni savo tvirkinamo kūdikio nuotraukomis internetu dalindavosi su kitais pedofilais.;Lesbians
lrytas_sql_2931;Reni buvo sėkmingai veikiantis organizacijos „LGBT Youth Scotland“ („Škotijos lesbiečių, gėjų, biseksualų ir transeksualų jaunimas“), padedančios jauniems homoseksualams, vadovas.Buvęs vidurinės mokyklos mokytojas, Reni nuolat viešai kalbėdavo apie su gėjais susijusias problemas, ypač akcentuodamas tai, kaip šios problemos veikia jaunus žmones.Jis nuteistas už ilgus metus trukusį mažamečio išnaudojimą, prasidėjusį, kai šiam buvo trys mėnesiai. Kūdikį jam patikėdavo prižiūrėti draugų pora. Vėliau Reni savo tvirkinamo kūdikio nuotraukomis internetu dalindavosi su kitais pedofilais.;Pedophile
lrytas_sql_520;tai pedikams ne,bet homoseksulai tai nera pedikai.jau vien tavo neisprusimas parodo kad esi trenktas,jei neskiri gejaus nuo pedofilo.... as uz lygias teisias ir komunikabilia visuomene!;Pedophile
lrytas_sql_877;"Visur tie gejai vaidenas ir vaidenas, man lezbieciu duokit daugiau ;)";Gay Men
lrytas_sql_904;"man gejai nei trukdo nei ka..dabar isivaizduokite,jei suzinosite,kad jusu vaikas yra gejus arba lezbiete..ka darysit?atsisakysit vaiko?Nemanau.Musu liaudis yra gili tundra,toli dar iki pasaulinio mastymo ir supratimo.Is dalies sutinku,kad ""jie"" neretai per daug lenda i viesuma ir pan.";Lesbians
lrytas_sql_904;toki PARADOKSA- sakoma ir zinoma, kad nei gejai, nei lesbietes negali _daugintis_... bet kaip cia yra- ju kasmet vis daugiau?;Lesbians
lrytas_sql_999;Šaunuolė, žydė! Aš ir mano cheba irgi siūlome, kad per Vasario 16 - ąją, Kovo -11- ąją ir kitas šventes Gedemino pr., Katedros aikšt. ir kitur galėtų rengti paradus tik gėjai, leisbėtės ir kiti nusipelniusieji. Pirmyn ...;Lesbians
lrytas_sql_2995;O as pavyzdziui tikrai nenoreciau gauti zmonos, zinodamas, kad ja pro visus galus tratino bele kiek chachaliu. Tikrai nenoreciau iteikti roziu puokstes ir svelniai pabuciuoti tos, kuri ciulpe N+1 pimpalu. Tikrai nemanau, kad galeciau gerbti tokia moteri. O del amerikos - tai ten taip:Jeigu tu pvz per gimtadienio vakareli pasokai, paleliakinai su kokia mergicka, ir jei ji tau (o daznai ir tavo draugams) poto nepadare minjeto... Tai tipo jau kazkas yra netaip, kazkas nesveiko - arba tu pyderas, arba ji lezbiete, arba abu tokie. Nu zodziu arabai turi priezasciu nekesti amerikes.;Gay Men
lrytas_sql_2995;O as pavyzdziui tikrai nenoreciau gauti zmonos, zinodamas, kad ja pro visus galus tratino bele kiek chachaliu. Tikrai nenoreciau iteikti roziu puokstes ir svelniai pabuciuoti tos, kuri ciulpe N+1 pimpalu. Tikrai nemanau, kad galeciau gerbti tokia moteri. O del amerikos - tai ten taip:Jeigu tu pvz per gimtadienio vakareli pasokai, paleliakinai su kokia mergicka, ir jei ji tau (o daznai ir tavo draugams) poto nepadare minjeto... Tai tipo jau kazkas yra netaip, kazkas nesveiko - arba tu pyderas, arba ji lezbiete, arba abu tokie. Nu zodziu arabai turi priezasciu nekesti amerikes.;Lesbians
lrytas_sql_2995;O as pavyzdziui tikrai nenoreciau gauti zmonos, zinodamas, kad ja pro visus galus tratino bele kiek chachaliu. Tikrai nenoreciau iteikti roziu puokstes ir svelniai pabuciuoti tos, kuri ciulpe N+1 pimpalu. Tikrai nemanau, kad galeciau gerbti tokia moteri. O del amerikos - tai ten taip:Jeigu tu pvz per gimtadienio vakareli pasokai, paleliakinai su kokia mergicka, ir jei ji tau (o daznai ir tavo draugams) poto nepadare minjeto... Tai tipo jau kazkas yra netaip, kazkas nesveiko - arba tu pyderas, arba ji lezbiete, arba abu tokie. Nu zodziu arabai turi priezasciu nekesti amerikes.;Females
lrytas_sql_3027;PIRMOJ VIETO GEJAI;Gay Men
lrytas_sql_3052;113. Įsitikinkit patys 18:49 05-16 IP: 69.162.77.3 IŠTRAUKA IŠ: 2008m. spalis 09d. - gayline.lt “Visuomeninis Lietuvos gėjų ir lesbiečių tinklapis paskelbė savo favoritus artėjančiuose Seimo rinkimuose. Daugiamandatėje rinkimų apygardoje rekomenduojama rinktis Lietuvos socialdemokratų partiją. „Tai partija, kurios dėka nebuvome išbraukti iš lygių galimybių įstatymo, kurios tam tikri kandidatai yra labiausiai aktyvūs žmogaus teises ginantys politikai. Labai svarbu, kad biuletenio apačioje nurodytumėte pirmumo balsus ir įrašytumėte penkių šios partijos atstovų eilės numerius sąraše. Mūsų visų reitingavimas labai svarbus, kad žemiau partijų sąraše esantys asmenys pakiltų ir patektų į Seimą.“ – teigiama Visuomeniniame Lietuvos gėjų ir lesbiečių tinklapyje. Svetainėje taip pat nurodoma, kuriuos partijos kandidatus verta įrašyti nurodant pirmumo balsus: Marija Aušrinė Pavilionienė, Giedrė Purvaneckienė, Juras Požėla, Birutė Vėsaitė, Justinas Karosas ir t.t. Vienmandatėje rinkimų apygardoje raginama balsuoti už tos pačios svetainės sudarytame sąraše išvardintus politikus, kurių daugumą taip pat sudaro socialdemokratai. Jei apygardoje nėra galimybių balsuotiuž sąraše įvardintus kandidatus, kviečiama nebalsuoti už Tvarkos ir teisingumo partijos, Tėvynės Sąjungos - LKD, Darbo partija ir jaunimo koalicijos bei Leiboristų, „kaip akivaizdžiai homofobiškų“ partijų atstovus. Akivaizdu, kad kai kurių partijų likimas priklauso nuo jų seksualinės orientacijos kolegų balsavimo rezultatų. Gėjai ir lesbietės galėtų susijungti su socdemų partija, kaip tai padarė krikdemai ir tautininkai”???????;Gay Men
lrytas_sql_3052;113. Įsitikinkit patys 18:49 05-16 IP: 69.162.77.3 IŠTRAUKA IŠ: 2008m. spalis 09d. - gayline.lt “Visuomeninis Lietuvos gėjų ir lesbiečių tinklapis paskelbė savo favoritus artėjančiuose Seimo rinkimuose. Daugiamandatėje rinkimų apygardoje rekomenduojama rinktis Lietuvos socialdemokratų partiją. „Tai partija, kurios dėka nebuvome išbraukti iš lygių galimybių įstatymo, kurios tam tikri kandidatai yra labiausiai aktyvūs žmogaus teises ginantys politikai. Labai svarbu, kad biuletenio apačioje nurodytumėte pirmumo balsus ir įrašytumėte penkių šios partijos atstovų eilės numerius sąraše. Mūsų visų reitingavimas labai svarbus, kad žemiau partijų sąraše esantys asmenys pakiltų ir patektų į Seimą.“ – teigiama Visuomeniniame Lietuvos gėjų ir lesbiečių tinklapyje. Svetainėje taip pat nurodoma, kuriuos partijos kandidatus verta įrašyti nurodant pirmumo balsus: Marija Aušrinė Pavilionienė, Giedrė Purvaneckienė, Juras Požėla, Birutė Vėsaitė, Justinas Karosas ir t.t. Vienmandatėje rinkimų apygardoje raginama balsuoti už tos pačios svetainės sudarytame sąraše išvardintus politikus, kurių daugumą taip pat sudaro socialdemokratai. Jei apygardoje nėra galimybių balsuotiuž sąraše įvardintus kandidatus, kviečiama nebalsuoti už Tvarkos ir teisingumo partijos, Tėvynės Sąjungos - LKD, Darbo partija ir jaunimo koalicijos bei Leiboristų, „kaip akivaizdžiai homofobiškų“ partijų atstovus. Akivaizdu, kad kai kurių partijų likimas priklauso nuo jų seksualinės orientacijos kolegų balsavimo rezultatų. Gėjai ir lesbietės galėtų susijungti su socdemų partija, kaip tai padarė krikdemai ir tautininkai”???????;Lesbians
lrytas_sql_3057;atsimenu draugo mociute irgi sake, kad daug gyvenimo mate, buvo i minska isvaziavus ant sovietu. tai vis sake, kad jaunimas gejai visi dabar, narkomanai, nenormalus, rengiasi keistai. tai jai 82, tai tu isivaizduoji ant kiek tu gyvenime atsilikes?;Gay Men
lrytas_sql_3078;Matyt vyras turi seksualiniu problemu, kiekviename jo straipsnyje tai peniai, tai lesbietes , sueitys ir tt. Gal parulski susirask kokia mergiote, pasitratink, ir pradek rayti normalius straipsnius.;Lesbians
lrytas_sql_3165;Reikėjo jiems paimti vaivorykštinę vėliavą-būtų garsinę ir skleidę mūsų kultūrą,nes gėjai-tai ateitis!;Gay Men
lrytas_sql_3202;kebabai visai sgerai . nereikia cia isidirbinet. gejams gal neskanu- matote, nelygis. o vilniuje geriausi - ko gero pravaziavus gariunus link kauno. daug vazineju po lietuva tai tenka pakelese sotintis kebabais. nesiskundziu. tik kai kur labai suprastejo kokybe (pvz. izvaziuojant is kauno - jau daro kebabus beveik vien is kopustu. kazkaip zmones nepagalvoja, kad tuoj usilenks ju bizniukas.;Gay Men
lrytas_sql_3216;Nesu macius, kad gejai taip myletu moteri,kaip Filipas mylejo ir myli Ala. Tai mate visas pasaulis - Filia spindejo kaip nauja moneta! O jau per vestuves spindejo kaip deimantas! Ir paskui visada buvo labai laimingas. Ir dabar jis neslepia, kad iki siol myli Ala. Jeigu butent toks yra gejaus paveikslas, tai as uz gejus abiem rankomis.:) Zinoma, galbut zurnaliugoms butent tai ir yra netradicine siuolaikinio vyro orientacija - per visa gyvenima myleti viena moteri.:);Gay Men
lrytas_sql_3216;Nesu macius, kad gejai taip myletu moteri,kaip Filipas mylejo ir myli Ala. Tai mate visas pasaulis - Filia spindejo kaip nauja moneta! O jau per vestuves spindejo kaip deimantas! Ir paskui visada buvo labai laimingas. Ir dabar jis neslepia, kad iki siol myli Ala. Jeigu butent toks yra gejaus paveikslas, tai as uz gejus abiem rankomis.:) Zinoma, galbut zurnaliugoms butent tai ir yra netradicine siuolaikinio vyro orientacija - per visa gyvenima myleti viena moteri.:);Females
lrytas_sql_3216;Gaila vaikų. Po 100 metų liks tik gėjai, lesbietės ir surogatinės motinos.;Gay Men
lrytas_sql_3216;Gaila vaikų. Po 100 metų liks tik gėjai, lesbietės ir surogatinės motinos.;Lesbians
