Text ID;Comment;Target;HS Level
15min_030;UŽTAI VISOS BUVĘ RESPUBLIKOS TURI KARTU SUNAIKINTI RUSIJOS FEDERACIJĄ JAIGU ŠĮ ŠANSĄ PRALEISITE VEL BŪSITE RUSŲ VERGAIS;Russia;Level 1
15min_031;Amerika isverskure, Amerikos, kaip salies nepalies tiesiogiai... Zus keli simtai ju salies jaunuoliu, o kas musu laukia?... Neaisku, kas baisesnis.. Visais laikais, bebutu koks karas, Amerika is to pragyvena.. Bus proga atsinaujint sena ginkluote po karo;USA;Level 1
15min_031;Amerika nusiciulpikit, zertvos;USA;Level 1
15min_031;Durnumas ir visos siuksles ateina is JAV.;USA;Level 1
15min_031;JAV okupantai;USA;Level 1
15min_031;Karas yra būtinas ,kad nuleisti rasija ant žemės!;Russia;Level 1
15min_032;Baisesnio agresoriau negu Rusija tikrai nerasit,šita grupuotė žudo žmones visame pasaulyje prekiauja narkotikais valstybiniu mastu,naudoja cheminį ginklą.Tie kurie gina Rusiją arba kvaili arba patys sadistai;Russia;Level 1
15min_032;Didžiausias lojimo ir kurstimo ruporas yra jav, kuriai labai naudinga įžiebti nesantaiką kitų žemėse, bet ne pas save,,, ateis ir jankynui galas, manau, jau panašu kad atėjo niekšai;USA;Level 1
15min_033;Amerikono uzpakalyje lt sedi;Lithuania;Level 1
15min_033;Kam JAV reikia tokios blusos kaip Lietuva? Naftos juk nera;Lithuania;Level 1
15min_034;Kada Amerika nuspręs demilitarizuoti Rusija, taip demilitarizuoti, kad nesukeltų jos išlikimui pavojaus, kad negalėtų panaudoti atomo;Russia;Level 1
15min_034;"Pritariu.
Dar ir į patį ruskyna galmėtu patransliuoti apie jų ""herojus""";Russia;Level 1
15min_035;Amerika karo kurstytoja! Kur visur lieka pagalbinike griovėja, bet tikrai ne tvarkytoja. Ji prisiplakėlė ir Gabrielius tik žaisliukas mūsų Lietuvėlės.;USA;Level 1
15min_035;rusam geležinkeliai, kinam uostas, lietuvai (mažąja raide), papas prie subinės.;Lithuania;Level 1
15min_036;Jav pagrindinis agresorius šitame pasaulyje . Visur kiša savo nosi kur ju neprašo , sukelia karus ir panašiai;USA;Level 1
15min_036;Jungtines Agresoriu Valstijos;USA;Level 1
15min_036;kažką maišai su Xuilostanu, kur pastarojo burliokų koja įžengia, tik nelaimės, skurdas ir bardakas. Amerikiečiai nieko neokupavo skirtingai nuo mogoloidų iš pamaskvės.;Russia;Level 1
15min_042;Bega is ubagino kur geriau;UNIVERSAL;Level 1
15min_042;jau dabar šariato istatymus įvedinėja,po trijų kartų bus doičestanas.;Germany;Level 1
15min_044;Nes suprato, kad LT ubagyne nėra ką čia veikti.Vietiniai genocido sąlygomis gyvena.;Lithuania;Level 1
15min_045;ne ten kur Amerika griovė šalis, keitė valdžias , ten ne karai, ten demokratijos kūrimas.;USA;Level 1
15min_045;Net emigrantai bega is durniu salies;UNIVERSAL;Level 1
15min_045;Nors viena vatnika issius galu gale atgal i ruskyna ar bulbasyna..;Belorus;Level 1
15min_045;Nors viena vatnika issius galu gale atgal i ruskyna ar bulbasyna..;Russia;Level 1
15min_052;Tegul ir bėga, nes pamatė, kad UBAGŲ valstybėje nėra jiems gero tinginio gyvenimo...;UNIVERSAL;Level 1
15min_053;"Izraelis teroristai🇮🇱☠☠☠
";Israel;Level 1
15min_053;turime zinoti 1 pagrindini dalyka: izraelis yra kaip rusija: okupantas ir agresorius.;Israel;Level 1
15min_053;turime zinoti 1 pagrindini dalyka: izraelis yra kaip rusija: okupantas ir agresorius.;Russia;Level 1
BukimeVieningi_005;Lietuva pildo taikiniais.O idomu,uz ka jie,Baisogalos gyventoja, ruosiasi balsuoti prezidento ir seimo rinkimuose.Vaidai,jus visiskai teisus.As galvoju,kad situacija okrainoje ,turetu buti ”vakcina” nuo durnumo.Bet pasirodo,kad ir karas neduoda proto.;Ukraine;Level 1
BukimeVieningi_010;Ir Lietuva, ir ukraina yra parazitinės valstybės. Be paskolų jų laukia badas. O kai pareikalaus atiduoti?;Lithuania;Level 1
BukimeVieningi_010;Ir Lietuva, ir ukraina yra parazitinės valstybės. Be paskolų jų laukia badas. O kai pareikalaus atiduoti?;Ukraine;Level 1
Delfi_044;tu esi šliundra o ne patriotas su ukros vėliava,o dar ir esi n@cistas;Ukraine;Level 1
Delfi_046;Fašistinis izraelis kaip matau miestus gali lyginti su zeme ir viskas ok, vsio zakono... Didesniu rasistu uz zydus nebuna;Israel;Level 1
Delfi_046;Tai dabar tegu Izraelį užblokuoja nuo pasaulio!!! Kuo skiriasi Izraelis nuo Rusijos?;Israel;Level 1
Delfi_048;Palestinai išdaužys dantis ;Palestine region;Level 1
Delfi_050;ir didziuojuosi tuo. Palestina-pasaulio vezys, kaip ir rusija. Abi isnaikink-milijonai dekos.;Palestine region;Level 1
Delfi_050;ir didziuojuosi tuo. Palestina-pasaulio vezys, kaip ir rusija. Abi isnaikink-milijonai dekos.;Russia;Level 1
Delfi_050;Manau, kad Izraelį reikia išformuoti, kaip nepavykusį projektą, dėl kurio žūsta žmonės jau 75 metus 🇮🇱👹💀🔥🤔;Israel;Level 1
Delfi_050;nu palestina yra tiesiog teritorija, apgyvendinta teroristais,. Hezbollah juk nėra šalis? Hamas nėra šalis, isis nėra šalis. Ir palestina nėra šalis;Palestine region;Level 1
Delfi_050;palesti a net ne šalis, o dirbtinai sukurta teritorija, kuri apgyvendinta teroristų ir remiamia kitų teroristų - kaip iranas ir irakas. Palestina nieko negamina, neaugina, net elektros savo neturi. Jų tikslas.vyldyti teraktus, ir juos nuolat pumpuoja ginklais ir pinigais. Čia ne šalis.;Iran;Level 1
Delfi_050;palesti a net ne šalis, o dirbtinai sukurta teritorija, kuri apgyvendinta teroristų ir remiamia kitų teroristų - kaip iranas ir irakas. Palestina nieko negamina, neaugina, net elektros savo neturi. Jų tikslas.vyldyti teraktus, ir juos nuolat pumpuoja ginklais ir pinigais. Čia ne šalis.;Other;Level 1
Delfi_050;palesti a net ne šalis, o dirbtinai sukurta teritorija, kuri apgyvendinta teroristų ir remiamia kitų teroristų - kaip iranas ir irakas. Palestina nieko negamina, neaugina, net elektros savo neturi. Jų tikslas.vyldyti teraktus, ir juos nuolat pumpuoja ginklais ir pinigais. Čia ne šalis.;Palestine region;Level 1
Delfi_061;Teisingu rusu ner ,yr mase mongolidu ,kurie tik ir ziuri kaip uzpulti ir apiplesti kaimynus. Rusia reikia izolouoti nuo civilizuoto pasaulio ir kuo greiciau. O rusofikuotus litovcus ,kurie palaiko rusyna ,su cemodanais i per vogzala i rasska.;Russia;Level 1
Delfi_084;kiek čia kremliaus trolių, kiek trolių! Čemodan, vokzal, vruSSija;Russia;Level 1
Delfi_084;Tai jeigu rusas, tegul ir py#dina na#ui I savo rasyja, ir tegul su savo rosijos veliava nors ir subine sau nusisluosto, ubliudkas! Buciau buvus as ten, I veida tokiam siukslei spjovus buciau!;Russia;Level 1
Delfi_088;Armonaičių intergracija. Multikultūriniu šiukšlynu Lietuva pavirto;Lithuania;Level 1
Delfi_088;Lietuva invazinė šalis —pakeliui į europą gilyn,už 20 metų ragai evropai;Lithuania;Level 1
Delfi_089;"Isliskit is bendros nuomones idiotiskos .. ner ka sneket kai esi isikibes kazkokios nesamones . Dalis ukrainos visada buvo rusai . Tai taip pat istorija . Trumpas siauras poziuris , jei viska matai saliskai is amerikonu puses , jie is viso to paturejo naudos daug .. zodziu nei koreja nei amerika nei bet kuri kita salis neverta kraujo del naftos ir kitu dalyku bet garbinti vien uz kalbas ir diplomatine ""priklausomybe"" kuriama jav nera priezastis . Paziurek kiek amerika sukure koloniju , kiek zuvo zmoniu del susiktu iskasenu o jie matai diplomatai civilizuoti . Negarbinsiu godumo ivynioto i saldainio popieriuka .";USA;Level 1
Delfi_089;Man nesvarbu. Ka ten isrink. Geriau ziurekit kokius jus patys lietuvoja vagis id sukcius renkat;Lithuania;Level 1
Delfi_089;Pritariu Delfi rašinio autoriui. Laukinė Rusija, be sentimentų. Ką ten gyvūnai, kad tai šaliai ir neįtinkantys žmonės visaip naikinami. Mes neturim smukti taip žemai.;Russia;Level 1
Delfi_091;Darius Jurgaitis supainiojai puses. Hamas = ruzzija. Kas ką užpuolė?;Russia;Level 1
Delfi_091;izraelis vykdo genocida ir visas pasaulis mato, ir kiekvienas uz savo hi uz tai uzmokes;Israel;Level 1
Delfi_091;tuoj nebus ir sitos salies kaip ir Palestinos. Ismes tave is namu ir pavadins izraeliu taip visur daro o dar ypac pagalvojus kiek jiems cia visko priklauso... Palaikai izraeli palaikai genocida o jie ir tavo lavonu dziaugtusi nes tie kas ne žydai tie ne zmones pagal juos;Israel;Level 1
Delfi_095;Tokia neapykanta rusams, ar prisimenate, kiek karų pradėjo Amerika? Tiems, kurie nežino 247 visame pasaulyje ir suvereniose valstybėse. Tad gal nustokite jiems lenktis prie kojų ir žiūrėti į burną. Ar nepavargstate nuo to, ką jums visiems padarė rusai? Ar ne laikas pradėti gyventi savo protu!;USA;Level 1
Delfi_101;o dar bandote įrodyti, kad Izraelis nėra teroristinė valstybė 🇮🇱👹💀🔥😱;Israel;Level 1
Delfi_105;debile izraelis ir ira teroristas uzgrobes palestina;Israel;Level 1
Delfi_105;rusija ir palestina teroristinės valstybės;Palestine region;Level 1
Delfi_105;rusija ir palestina teroristinės valstybės;Russia;Level 1
delfi_sql_10;Pabandykite Demokratiją rasijoje surasti.....oi kaip jums atsirugtų...net tą stebuklingą žodį pamirštumėte....o čia matai teisės pažeidžiamos....;Russia;Level 1
delfi_sql_100;Kur tik kyso USA ausys, ten konfliktai, karai, sankcijos...... Korejieciams laikas isgrusti is savo zemes amerus ir bus ramu. Imkit pavyzdi is Vietnamo;USA;Level 1
delfi_sql_103;senas gaigį kronkaiti varyk į savo suknistą ameriką;USA;Level 1
delfi_sql_11;"Rusija Austrija Prūsija: Čia tai turbūt Rusija nieko nepuolė?:) ir tai tik nedaug iš viduramžių Rusijos o tiksliau ""Ugrofinų kilmės"" taikumo pavyzdžių:)1795 metai:trečiojo Lietuvos ir Lenkijos valstybės padalijimo. Didžiausia po antrojo padalijimo likusi LDK teritorijos dalis, t. y. etninės lietuvių žemės, ir Kuršo kunigaikštija atiteko Rusijai (iš viso 120 000 km² teritorija su 1,2 mln. gyventojų). Prūsija prisijungė Užnemunę ir pavadino ją „Naująja Prūsija.Prūsijai taip pat atiteko nedidelė Naujosios Silezijos teritorija. Iš viso Prūsijai atiteko 55 000 km² teritorija su 1 mln. gyventojų. Austrija gavo 47 000 km² teritoriją su 1,2 mln. gyventojų bei Krokuvos ir Liublino miestais. Austrijai atiteko ir pietvakarinis LDK kampas (į vakarus nuo Bugo) su Radvilų Biala buvo prijungtas prie Austrijos (1815 m., kaip ir Užnemunė, atiteko Rusijai).";Russia;Level 1
delfi_sql_11;vat jums ir Rusija drauge, Rusija partnere. Lietuva visada buvo teisi ivardindama tikraji Rusijos veida, tikekimes ne per velai Vakarai atsimerke ir susiprato.;Russia;Level 1
delfi_sql_124;Po Rusijos agresijos Ukrainoje visi jos kaimynai pasijuto nesaugūs. NATO tai ir Lietuvos kariai. Taikiniu mes buvom visada, bet dabar, Rusijos naciams vis labiau įžūlėjant, turime būti budresni ir geriau pasiruošę duoti atkirtį. Ne NATO pradėjo tą priešpriešą.;Russia;Level 1
delfi_sql_126;Amerika nori karo, o rusai atkurt sajunga. Galvoju, kuri blogybe didesne?;USA;Level 1
delfi_sql_140;...ne tame esmė...baisu kai šiais laikais civilizuotam pasaulyje, ne arabų šalyse, o visai šalia mūsų, vyksta tokie baisūs dalykai. Žiauru, baisu, protu nesuvokiama. Putinas visai nuprotėjo.;UNIVERSAL;Level 1
delfi_sql_15;nenaujiena. Rusijoj visada slėpdavosi nusikaltėliai. Iš ko ten ir susiformavo tauta. Tik dabar tai daro oficialiai. Kuo didesnis, baisesnis banditas tuo daugiau šansų turi pakliūti į valdžią.;Russia;Level 1
delfi_sql_155;Nas, bet ir likes pasaulis tyli i Izraeli zvelgdamas. Sankciju juk niekas jam nesiulo? Nors visi sutinka, kad yra okupaves Palestinos zemes.;Israel;Level 1
delfi_sql_16;"2001 metų balandžio 22 d. Ispanijos laikraštis "" El Mundo "" rašė:Ar galite įsivaizduoti, įmonės veiklą kurioje šiek tiek daugiau nei 400 darbuotojų, kurie pagarsėjo dėl šių dalykų ?Dvidešimt devyni ( 29 ) kaltinami smurtu prieš žmonas ar meilužes .Septyni ( 7 ) suimti už sukčiavimą. Devyniolika ( 19 ) padirbinėjo čekius.Šimtas septyniolika ( 117 ) tiesiogiai ar netiesiogiai susiję su melagingais bankrotais.Trys ( 3 ) buvo apkaltinti dėl smurto .Septyniasdešimt vienam ( 71 ) buvo atšauktos kredito kortelės dėl kreditų negražinimo.Keturiolika ( 14 ) buvo suimti už narkotikų vartojimą . Aštuoni ( 8 ) apsivogė stambiuose supermarketuose .Dvidešimt vienam ( 21 ) šiuo metu pareikšti kaltinimai dėl padarytų nusikaltimų.Aštuoniasdešimt keturi ( 84 ) buvo suimti dėl vairavimo išgėrus . Jūs žinote, kokioje įmonėje gali dirbti tokie darbuotojai ?Jūs nepatikėsite! Mes kalbame apie 435 kilmingus narius, tokio pat kilmingo susirinkimo -Jungtinių Amerikos Valstijų Kongresą, šie žmonės rengia ir priima teisės aktus ir įstatymus, kuriuos turi vykdyti likusieji JAV piliečiai. Apibendrinti ir gauti = 373 nusikalteliai ar bent nusikaltusieji. Padalyti iš bendro skaičiaus gauname - 373/435 = 86 %. Siaubas ! Ir tai geriausi amerikiečių tautos žmonės! Praėjusieji pačių demokratiškiausių rinkimų pasaulyje skaistyklą ! Štai kaip degradavo seniausia pasaulyje demokratija !Jei tai - geriausi žmonės, tai kokie yra likusieji Amerikos piliečiai?";USA;Level 1
delfi_sql_163;"Pries kelis metus rusijos televizijose rode apie ""raudonaji projekta"" po to apie nauja cccp, naujai skamba - sojuz svobodnih suverenih respublik, po to apie projekta ""9+1"" pateikta buvo labai rimtai, maniau kad visa tai kliedesiai. O be reikalo. Taciau rusija ne is tolo neprimena cccp galios - nei ekonomines, nei karines, nei technologines, nei itakos geopilitikoje. Dabar rusija atrodo kaip nuskure barbarai apsizerge surudijusia raketa kazkur is siaures, ziurint tiek is rytu (pietu koreja, kinija, japonija) tiek is vakaru (es, jav) Tada buvo ideja. O kas dabar? Vaduko ambicijos? Nukris naftos kainos - ir rytoj rusijoje bus ""maidanas"". Alkana rusu tauta kaip rodo istorija nunesa savo lyderius ant durtuvu.";Russia;Level 1
delfi_sql_163;Rusija nekenčia laisvės.;Russia;Level 1
delfi_sql_163;Šįkart mes kitoje Geležinės uždangos pusėje ir kai Blogio imperija žlugs, ją reikės sutrypti, kad vėl negimtų naujas totalitarinis fašistinis režimas.;Russia;Level 1
delfi_sql_174;fasizmas ir nacizmas uz istatymo ribu visame civilizuotame pasaulyje,jei nepatinka tie kurie kovoja pries fasizma ir nacizma,nesvarbu,ar vokiska,ar rusiska,tai turi vaziuot gyvent i fasistine rusija,nes cia tau gresia baudziamoji atsakomybe.;Russia;Level 1
delfi_sql_175;Rusijos fašistų mediniai rubliai antroje vietoje nuo galo. Cha-cha...;Russia;Level 1
delfi_sql_180;na ir kalėjimo kultūra laisvoje amerike.;USA;Level 1
delfi_sql_188;AMERIKA IR RUSIJA KARIAUS IKI PASKUTINIO UKRAINIEČIO!;Russia;Level 1
delfi_sql_188;AMERIKA IR RUSIJA KARIAUS IKI PASKUTINIO UKRAINIEČIO!;USA;Level 1
delfi_sql_188;Apsikakino America persyko kaip turi buti rosija v period litva s toboj;USA;Level 1
delfi_sql_188;Kaip kartojasi iki 1939 m. buvę įvykiai ! Lygiai taip pat subiniavosi šios abi agresorės - Rusija ir Vokietija. O kas iš to išėjo - visi žinome. Kas iš dabartinio bičiuliavimosi gausis, ko gero, neilgai trukus vėl galime patirti savo kailiu. Tad, mokykimės šaudyti ir slapstytis. Nelauk nieko gero iš ruso-vokiečio bičiulystės !;Germany;Level 1
delfi_sql_188;Kaip kartojasi iki 1939 m. buvę įvykiai ! Lygiai taip pat subiniavosi šios abi agresorės - Rusija ir Vokietija. O kas iš to išėjo - visi žinome. Kas iš dabartinio bičiuliavimosi gausis, ko gero, neilgai trukus vėl galime patirti savo kailiu. Tad, mokykimės šaudyti ir slapstytis. Nelauk nieko gero iš ruso-vokiečio bičiulystės !;Russia;Level 1
delfi_sql_188;Merkel prisidirbo, iš vienos pusės demonstruojamas absoliutus Vokietijos neutralitetas, atgailaujant už nacistinę Vokietijos praeitį, iš kitos – Vokietijos biznio dėka dalyvaujama modernizuojant ir ginkluojant fašistinės Rusijos armiją. Dabar ta armija grasina ir mums.;Russia;Level 1
delfi_sql_188;Visas pasaulis supranta,kad turi būti pusiausvyra...Nėra jokių garantijų,kad stipri valstybė = teisinga valstybė...JAV šnipinėja visus be išimties...Kodėl Rusija turėtų daryti kitaip,tuo labiau,kad prieglobsčio pasiprašo žmogus,žinantis galybę Amerikos paslapčių ir,beje,ne tokių jau nekaltų...Galvokit mielieji...Skirtumas tik tas,kad Rusija gina savo interesus šalia savo sienų,o JAV jau senai šeimininkauja visame pasaulyje - sienos jai neegzistuoja...O svarbiausia,kad daug ką daro ne savo rankomis - pvz. Lietuvos ar Lenkijos...;USA;Level 1
delfi_sql_217;pritaikyti sankcijas ir pašalinti fašistinę agresorę Rusiją iš eurovizijos.;Russia;Level 1
delfi_sql_22;Juokas ima iš lietuvių (jei tai lietuviai) rasiejos mylėtojų. Jei tik rusams kas duotų bevizį į ES, tai visi ešelonais ddingtų iš jūsų garbinamos putlerijos.;Russia;Level 1
delfi_sql_22;Kas JAV pades pasveikti?;USA;Level 1
delfi_sql_22;teslagalvi , pabandysius tau besmegeniui paaiskinti , kas vyksta . pries kelis men. hoholu banditai nuverte teiseta UKRAINOS valdzia ,, nuzude beveik 100 zmoniu .krymo gyventojai , kadangi 1950 metu krymas priklause RUSIJAI , paskelbe referenduma , surinko reikiama kieiki ( apie 85%)balsu ir rusija vykdydama rusakalbiu daugumos prasyma , leido krymui prisijungti prie RUSIJOS . taskas . aisku ? toliau . nuo to laiko vyksta protestai ukrainos rytuose , nes zmones nenori , kad jiems vadovautu visokio plauko nacionalistai , banderovcai ........... UKRAINOS zmones nori taikos , darbo , ramybes . banditai , siuo metu uzgrobe valdzia . nieko sito duoti negali . visa sita vyksta UKRAINOJE !!!!!!!!!!!! PRIE KO CIA RUSAI , ASILE ???????????;Ukraine;Level 1
delfi_sql_247;Geriau Iranas, negu vagilka ir agresorė Rusija;Russia;Level 1
delfi_sql_247;Laukiu nesulaukiu B.Obamos vizito Saudo Arabijoje. Tada ir baigsis imperinės ambicijos atsilikėlių šalies;UNIVERSAL;Level 1
delfi_sql_247;zmonijos ir zmogiskumo priesas nr1 - rusija? Tai ka panasu kad pasaulyje lieta vienas spuogiukas - s.koreje ir vienas didelis plaukuotas apgamas bevirstantis i piktybini augli - Rusija.;Other Asian;Level 1
delfi_sql_247;zmonijos ir zmogiskumo priesas nr1 - rusija? Tai ka panasu kad pasaulyje lieta vienas spuogiukas - s.koreje ir vienas didelis plaukuotas apgamas bevirstantis i piktybini augli - Rusija.;Russia;Level 1
delfi_sql_252;JAV pasaulio ekonomikos parazitas;USA;Level 1
delfi_sql_253;Tačiau didelės dujų kolonėlės vadovas Putinas užmiršta, kad negalima dujų kolonėlės apinkoje rūkyti.;Russia;Level 1
delfi_sql_267;dar beliko, kad atidarytu darbo konslagerius ir busim 1:1 siaures koreja;Other Asian;Level 1
delfi_sql_269;Dėl ukrainiečių ir netik žūties kreipkis į Nuland. Kai tik lavonai, visada kur nors už kampo stovi jankis. :) O jankis nemokam inteligentiškai, juvelyriškai (taip, kaip Putinas) reikalų tvarkytiTaigi - dėl maidano kraujo ir lavonų kreipkis į JAV.;USA;Level 1
delfi_sql_27;ema Lietuvai, tokias metodais kovoti prieš Rusija, o dar vadionasi laisva Lietuva, cenzūra neišpasakyta.;Lithuania;Level 1
delfi_sql_27;Nustok keitiėnti ip ir rašinėti tą patį per tą patį. Jei nori atjungto interneto, vyk į rusyną, ten ribojama žiauriai.;Russia;Level 1
delfi_sql_274;manau rusija ima pavyzdį iš Š.Korėjos ...;Russia;Level 1
delfi_sql_274;tik ne rusijai bijoti maro, juk viska degtinele nuplauna :));Russia;Level 1
delfi_sql_28;"Barakas - ne bananines respublikos prezidentas. Bananine respublika - tai Rusija. ""Sledovatelno"" - tai rusai ciulpia banana Putleriui :-) :-) :-).";Russia;Level 1
delfi_sql_28;NATO ir ES fasistai? Geras.... Bet idomiausias dalykas ,kad Rusijoje fasistiniai judejimai paplite labiausiai nei kur kitur likusiame pasaulyje :D....... O jei rimtai ar jums moka uz tokius komentarus ar just tik siaip is Vilniaus ar Klaipedos (nieko blogo pries situs miestus neturiu ,bet suprantat apie ka as) ?;Russia;Level 1
delfi_sql_28;Rusija toliau vykdo debilišką, bet savo planą. Šį kartą jungs Padniestrę per pietines ir Rytines Ukrainos dalis su Didžiųjų Melagių šalimi. Eis tol, kol negaus į nosį. Vakarams teks į tą nosį duoti ir daugiau nebetiekti Melagių šaliai jokios šiuolaikinmės technologijos ir neauginti agresoriaus savo pinigais.;Russia;Level 1
delfi_sql_28;Rusus domina kad trecia diena NATO raketos nestovetu pasienyje. Jeigu USA atsisakytu priesraketines sistemos Europoje, tai viskas butu ciki ir visi taikiai gyventu. Taciau USA dzyn visa ta europa - kirsina su Rusija ir stumia juos kartu kariauti. Nes tai duoda galimybe dar kazkiek laiko ilsetis ant skolu burbulo kuri patys ir ispute.;USA;Level 1
delfi_sql_28;Tai, kas vyksta Ukrainoje, yra ukrainiečių tautos gryninimosi procesas. Jis ir turi būti skausmingas. Kuo daugiau skausmo gimstant, tuo paskui lengviau ir paprasčiau. Ir priešingai - kai lengvai gaunama Nepriklausomybė, ji mažai vertinama ir nuolat kvestionuojama. Ukrainiečių tautai ateinantys 20-30 metų bus be galo sunkūs. Galbūt netgi visi 50. Iš rusų pakraščio gimsta nauja tauta, kuri nebus rusais ir visiškai nebus panaši į rusus. Dar daugiau - jie bus alergiški viskam, kas susiję su Rusija!Gimsta tauta, kuri nebenorės būti tapatinama su Rusija ir rusais. Kuri laikys pažeminimu ir įžeidimu bet kokius mėginimus tapatinti ją su Rusija. Ukraina bus matyt žymiai mažesnė, bet tauta bus grynesnė, vieningesnė ir darnesnė. Neįsivaizduoju, koks jiems gyvenimas būtų vienoje valstybėje su tais, kas juos išdavė. Jie patys turėtų norėti atsikratyti Doneckais, Luhanskais ir Charkovais, nesvarbu, kokie ten turtai būtų ir kokia ten pramonė būtų. Ras savo vietą ES ir klestės. Skirtingai nuo savo kompleksuose ir fašistinėje neapykantoje burbuliuojančios Rusijos. Lietuva juk irgi neturi jokių žemės turtų ir jokios superpramonės.;Russia;Level 1
delfi_sql_289;Gal kas nors galite man paaiskinti kodel Latvijai ir Estijai tokia atsilikusi salis kaip Lenkija neegzistuoja?;Poland;Level 1
delfi_sql_291;na ir tegul varo į ruslandą su visais savo čigonais.;Russia;Level 1
delfi_sql_292;KIEK GALIMA KENTETI SITA SMIRDANTI FASISTINI SUDA IS RYTU?GASDINIMAI,GRASINIMAI,KONEVEIKIAM I LEITUVIAI ISTISUS DESIMECIUS.;Russia;Level 1
delfi_sql_30;Liaudies respublika turbūt glausis prie fašistinės Rusijos?;Russia;Level 1
delfi_sql_31;Rusija -banditas su atominiu ginklu.;Russia;Level 1
delfi_sql_324;JAV reikia karo,nes skesta milziniskose skolose....;USA;Level 1
delfi_sql_324;kiek tie amerikiečiai dauže saliu tai to niekas nemate ko jie dar lenda i ta ukraina patis susitvarkis tik ta amerika koro pgaikštis vietui rusu tai amerikai šonus patrankiti reiketu kur kas amerika sumauti britai indenus išnaikino patis užgrobe ne savo žemes ir dar kišasi visur;USA;Level 1
delfi_sql_332;autoriui.Niekas zemeje tiek blogio nesukele kiek Amerika..Amerika yra pasaulio blogis ,o ne Rusija.Ant indenu kraujo ir kaulu sukurta Amerika.Tai blogio salis.;USA;Level 1
delfi_sql_332;didziausias agresorius YRA JAV;USA;Level 1
delfi_sql_332;JAV negrobia žemių. JAV grobia ekonomikas ir gamtinius išteklius. Jiems teritorijos nereikia, lai aborigenai ir toliau ten gyvena tik dirba pusbadžiui ir atiduoda savo šalies ekonomiką.;USA;Level 1
delfi_sql_332;O kaip Amerika? Kiek ji sukėlė karų?;USA;Level 1
delfi_sql_332;"Pradėkime gal nuo fosforinių bombų JAV mėtytų ant civilių miestų karo pabaigoje. Taikos ir demokratijos šedevras - Hiroshima, Nagasaki - ant taikių gyventojų.Korėjoje - bakteriologinis ginklas (kaip bandymų poligonas)Vietname - defoliantai, kai sunaikinama augalija, pasėliai,(tuo pačiu ir augalėdžiai gyvūnai ir žmonės)Irake - nesurasti masinio naikinimo ginklai, bet surasti naftos telkiniai...Egiptas... Libija...gal Sirija , o gal Iranas....Štai taip JAV "" taikos balandis"" įveda savo demokratiją pasaulyje.";USA;Level 1
delfi_sql_337;Dabar JAV okupuoja Lietuvą.........koks skirtumas.....;USA;Level 1
delfi_sql_337;Rusijos okupacija išgelbėjo dalį Lietuvos nuo Lenkijos okupacijos. Nes ką užkariavo Lenkija, tas beviltiškai prarasta. Mes, deje, Nepriklausomybę švenčiame tik Rusijos okupuotoje Lietuvos dalyje. Lenkijos okupuotos Lietuvos dalyje lietuvių beveik neliko.;Poland;Level 1
delfi_sql_34;BUTU DAUG TOKIU VALSTYBIU,,BET JAV IR ES NEREIKALINGI TURTINGI,JIEMS REIKALINGI VERGAI.;USA;Level 1
delfi_sql_34;Galėčiau atsakyt tiems protestuotojams už Rusiją.Rusija ir taip pilna problemų,vien dėl to kad prisijungsit prie Rusijos,problemos neišsispręs,jų tik padaugės Rusijoj.Teisingiausias kelias yra kurti naują Ukrainą.Visas pasaulis linki Ukrainai gerbūvio ir padeda financiškai atsistot ant kojų;Russia;Level 1
delfi_sql_34;Kiek zinau i rusija niekas neemigruoja, priesingai nei i JAV.;Russia;Level 1
delfi_sql_34;kitaip? Barakas kitaip gyvena? Š... ta amerika. Bejausmis kraštas ir tiek. Sintetikos centras.;USA;Level 1
delfi_sql_34;Nu argi tie prorusiški demonstrantai neverti deportacijos į sibirą? Per tą prakeiktą rusiją daba atsiliekam nuo normalaus pasaulio bent 20 metų. Tik visiškas ligonis gali norėti atgal į rusijos sudėtį.;Russia;Level 1
delfi_sql_340;Tikra tiesa, bet US ir ES sakalai vykdo fasistine agitacija kuri veda link karo, tik US yra blogio imperija, kur jos koja paliete zeme, tik liko napalmo isdeginta zeme.;USA;Level 1
delfi_sql_344;Juk Rusija pati ir kursto PILIETINI KARA .;Russia;Level 1
delfi_sql_347;karas naudingas amerikai,jie visada pasiruošę remt karus svetimose teritorijose,ir ukraina jiems tikrai nesvarbi,JIEMS SVARBUS KARAS;USA;Level 1
delfi_sql_355;ir elgiasi JAV parazituodama visame pasaulyje;USA;Level 1
delfi_sql_355;Ukrainos valdzia savo marazmo lygiu jau lenkia net ir musu prezidenturos kiauksincia komanda.;Ukraine;Level 1
delfi_sql_363;Pagaliau pradejo kovoti pries tuos rusiskuosius kolonistus.Seniai reikejo,nes Rusija vis gyliau lis i Ukraina .Su ja susitarti neimanoma.To gali nesuprasti Vakarai ,bet mes ir Ukraina ,kurie buvome okupuoti ir isnaikinti tu okupantu ta puikiai zinome .Tai fasistine banditu okupantu valstybe;Russia;Level 1
delfi_sql_369;tai visa europa skolinga buvo prancuzijos auksas isveztas ''pasaugot'' isvis prapuole karo deka ir atsistojo ant koju po depresijos jankynas dabar ta pati daro kursto neramumus vercia europa sankcijas priimti tuo tarpu pati kaip moralinis garantas toks tiktai amerikai nereikalinga stipri europa tai jau keliasdesimt metu sako ivairus specialistai tame tarpe ir paciu amerikonu ...........;USA;Level 1
delfi_sql_378;Ka cia jus pezat apie tas skolas ir neskolas, rusija net savo valiutos neturi normalios.;Russia;Level 1
delfi_sql_379;stipriausia siuo metu valstybe,irodymas-Krymas ir Sirijos nelieciamumas amerikieciu,tik rusaj isikiso-amerika prisikusi,topol-m valdo,;USA;Level 1
delfi_sql_387;"Blogio imperija tebekelia grėsmę. Įdomiausia, kad nei vienas rusas sau nepanašus į blogio įsikūnijimą. Priešingai - visi kiti fašistai, o jau jie tai gelbėtojai. ""Didesniesiems broliams"", patinka ""rūpintis"" tais, kuriems jie nesiteikia pripažinti teisės į apsisprendimą.";Russia;Level 1
delfi_sql_387;nieka neidomi fasistines rusijos nuomone;Russia;Level 1
delfi_sql_387;Rusija - blogio imperija;Russia;Level 1
delfi_sql_391;Keri, varyk i savo jankyna!;USA;Level 1
delfi_sql_397;"Amerika prispausdino zaliu popereliu kurie niekuo nedengti ir savo ""demokratija"" ivedineja uz piniga.";USA;Level 1
delfi_sql_397;Rusija + pora bananiniu valstybiu pries visa pasauli. Nematau as cia jokio pasaulinio karo.;UNIVERSAL;Level 1
delfi_sql_4;jiems sakyk kad sniegas baltas,jie vistiek irodėnės kad juodas...joptvaišmaukt...tai kas pradėjo žvanginti ginklais kad ne jus...tai gal lauk kol pradėsit šikt ant sprando....kremlius tik tai ir tesugeba.....ar nepeprinksit kada patys su savo stalin-putler marazmu;Russia;Level 1
delfi_sql_4;Kai patys pazeidineja sutartis tada juokias is visu, o jau kiti matai sutarciu negali pazeisti. Reiks ir pazeis, rusija pati uzvire kose, o dabar kaltu iesko.;Russia;Level 1
delfi_sql_4;Lavrovo nusišnekėjimai rimtu veidu yra ta Putlerio Rusija (meluojanti, laužanti tarptautines sutartis, grasinanti kaimynams, ) kurios niekas ir niekad nenori matyti savo draugijoje.;Russia;Level 1
delfi_sql_4;Maskva nelabai turi laiko kalboms, nes reikia vogti, užrgobti, meluoti ir t.t.t.t, kol pasaulis visiškai nuo jūsų nusisuks;Russia;Level 1
delfi_sql_4;Ne pirmas šimtmetis Rusija niokoja mūsų mažą kraštą, tai kaip mes galime jais pasitikėti?Kas gali patikėti, kad tokio rango žmogui kaip Lavrovas gali trūkti loginio mąstymo?Išvada-jis be jokios gėdos užima demagogo pozą ir nori, kad juo patikėtų.;Russia;Level 1
delfi_sql_4;"Nesvaikite savo pareiškimais!1. pvz Lietuva - jau visą amžinybę - Rytų Europoje2. pvz Lietuva - daugiau, kaip 10 metų - jau YRA NATO NARĖ3. Ne jūsų nosiai apskritai reguliuoti nepriklausomų valstybių pasirinkimo teisę! PS pati Rusija turėtų būti išmesta lauk ne tik iš 8G sąrašo, bet ir Jungtinių Tautų už savo viduramžišką ""tautų žandaro"" politiką!";Russia;Level 1
delfi_sql_4;O blin tai Rusijai visdelto rupi taisykles ir susitarimai?! Kaskas naujo... :) As maniau kad jie zaidzia tik pagal savo taisykles... :);Russia;Level 1
delfi_sql_4;O kaip pati Rusija laikosi savo tarptautinių įsipareigojimų. Jai į tai nusispjaut..;Russia;Level 1
delfi_sql_4;Rusija uzimdama Kryma pati pazeide pasirasytas deklaracijas, todel NATO turetu nu-sikti ka mano Rusija - negali reikalauti, kad kitas nepazeistu, jei pati pazeide.;Russia;Level 1
delfi_sql_4;Rusijos uzsienio politika - AS RUSIJA, MAN VISKAS PXUI.;Russia;Level 1
delfi_sql_4;Sis senis jau gime ministru? Rusyne politikai nesikeicia,tik postai;Russia;Level 1
delfi_sql_403;O tai Izraelis svetimu zemiu nepasigrobe, propogandiste?;Israel;Level 1
delfi_sql_403;"Rusiškas pavasaris 1945 m. - Raudonajai rusų banditų armijai užgrobus Lvovą ir kitus Vakarų Ukrainos miestus po ukrainietiškai kalbančias šeimas, ypač tas kurios gyveno privačiuose namuose pradėjo vaiksčioti NKVD ""osvoboditieliai"" su odiniais paltais ir ""Nagant"" revolveriais. Atvykę į ukrainiečių namus raudonieji rusų banditai apžiūrinėjo namų apyvokos daiktus, baldus, brangenybes ir kaip taisykle po tokių apžiūrų kitą naktį atvažiuodavo ""voronokas"" ir ištisos ukrainiečių šeimos buvo išvežamos į Sibirą, o jų namuose apsigyvendavo ""osvoboditieliai"". Taip raudonieji rusų naciai plėšikavo Vakarų Ukrainoje kelių metų begyje, liko nepaliestos tik tos šeimos, kurios gyveno atokesnėse miestų vietose - priemesčiuose, kur raudonieji rusų naciai bijodavo gyventi dėl kartais tan pasirodančių Stepano Banderos vadovaujamų OUN-UPA būrių. Rusija - fašistinių nacių ir išsigimelių valstybė.";Russia;Level 1
delfi_sql_403;ta rusija is visao nedaro .Prisknyso ,Tai Amerika nori isprovokuoti kar ,bet Europoje..;USA;Level 1
delfi_sql_403;to is JAV2014-04-11 18:09 IP: 88.222.23.211Ka tokie besmegeniai veikia JAV. Tau geriau pagal protelio lygi buti Putlerio derzavoje ir rekti RUSSKIE URA.----absoliuti dauguma žmonių iš arti mato tik detales, o ne visumą :))iš toliau, pvz. iš JAV , žiūrint į beretoliandiją , matosi žymiai objektyvesnis vaizdelis :))bet tau, panašu, nepadėtų nei mikroskopas, nei teleskopas, nei kaleidoskopas - aklas matyti negali ...;Lithuania;Level 1
delfi_sql_403;to is JAV2014-04-11 18:09 IP: 88.222.23.211Ka tokie besmegeniai veikia JAV. Tau geriau pagal protelio lygi buti Putlerio derzavoje ir rekti RUSSKIE URA.----absoliuti dauguma žmonių iš arti mato tik detales, o ne visumą :))iš toliau, pvz. iš JAV , žiūrint į beretoliandiją , matosi žymiai objektyvesnis vaizdelis :))bet tau, panašu, nepadėtų nei mikroskopas, nei teleskopas, nei kaleidoskopas - aklas matyti negali ...;Russia;Level 1
delfi_sql_44;"Ale kaip kai kuriems ""snargliams"" is ruslando nepatinka tiesa.matyt akys bado :)";Russia;Level 1
delfi_sql_50;As uz tai, kad kiek imanoma reikia deti visas pastangas atsiriboti nuo Rusijos, nebendrauti, vengti su rusija bet kokiu kontaktu, tiesiog eliminuoti ja is savo gyvenimu, atitverti siena tiek vidine tiek isorine, kaip pragaro jos reik vengti, tegu ji uzdusta savo apgailetiname narve bei menkume...;Russia;Level 1
delfi_sql_51;Anksciau rusija turejo armija, kuri taip ir vadinosi. Dabar vietoje armijos atsirado zali zmogeliukai. Neatpazinti kariniai objektai.;Russia;Level 1
delfi_sql_51;"Pasaulyje pagal ŽSRĮ indeksą ir patenka į ""itin aukštą išsivystymo lygį"" turinčių valstybių sąrašą. Šioje kategorijoje yra iš viso 47 valstybės. Rusija užima 55-ą vietą ir patenka į ""aukštą išsivystymo lygį"" turinčių valstybių sąrašą. Kažkaip nenoriu, kad rusai čia ateitų... Tik pradėjom gyventi, o tie vėl grasinasi viską sugriauti, išžudyti, radioaktyviais pelenais paversti ir sako, kad po to bus labai gerai ir jie išvis vieninteliai supranta, kas yra teisinga. Patys, beje, iš jei emigruoja iš Lietuvos - tai tik jau ne į Rusiją.";Russia;Level 1
delfi_sql_51;Tame ir yra esminis skirtumas, kad JAV ar kitos civilizuotos šalys sugeba pripažinti savo klaidas ar nesekmes. Rusija gi visada teisi ir neklystanti. Rusas kad ir iki kaklo šūduose, rėks, kad jis šokolade maudosi.;Russia;Level 1
delfi_sql_59;atrodo, į protą ateina. Suvokė koks rusija monstras.;Russia;Level 1
delfi_sql_61;Galiu dar priminti kiek lietuviu kartu su fasistais saude zydus Lietuvoje! Netreme i Sibira o tiesiog saude. 250 000 zydu sunaikinta Lietuvoje. O istremta apie 150 000 lieruviu... Kas didesnis nieksas, Rusija ar Lietuva?;Lithuania;Level 1
delfi_sql_61;"JAV karus ir sudek nusinesusias gyvybes nupuseli. Parodyk nors vieną JAV karą, kuris pasibaigė okupacija, aneksavimu ir teritorijos prijungimu? NĖRA! Taip JAV kartais ir gudrauja ir falsifikuoja duomenis. Bet kartais su banditais taip reikia, nes ir tie gudrūs. Juk policijos pareigūnai irgi pasalas padaro ar apsimeta pirkėjais. Toks policininkų darbas ir jų dažnai nemėgsta, vien tik dėl to, kad jie ""mentai"".Reikia žiūrėti į rezultatus, o ne priemones! O rezultatai akyvaizdus, Rusijo fašistuoja ir augina kailį, o JAV teritorija jau ne vienas šimtmetis be pakitimų. Tai kas tikras agresorius, mąstymo impotentai jūs?";Russia;Level 1
delfi_sql_73;100% ISITIKINES,KAD PASAULIS NUGALES NACISTINE RUSIJA,JEI HITLERI SUGEBEJO NUGALET,TAI TOKIA DEGRADAVUSIA RUSIJOS ARMIJA TIKRAI NUGALES.;Russia;Level 1
delfi_sql_73;Na, nes mazai kas liktu is Rusijos. NATO Pajegoms, kurios ginkluote lenkia Rusija 10 metu i prieki, tai butu juokai. Bet ekonomika svarbiau.;Russia;Level 1
delfi_sql_76;Lenkija baisesne nei rusija. Lenkija kisasi i Lietuvos reikalus, motyvai kaip rusu Kryme, gina lenku okupantu palikuoniu , teise kaip pilsuckio laikais lenkinti kitu tautybiu zmones Lietuvoje, trukdo ju integracijai i Lietuvos visuomene;Poland;Level 1
delfi_sql_76;Negana ,kad Rusija uzpuldyneja kaimynus ir kelia ultimatumus,tai matai dar ir Lenkija bando kazko tai reikalaut!!! Tegul jis ten pas save Lenkijoje reikalauja,o ne Lietuvoje!!!;Poland;Level 1
delfi_sql_76;Negana ,kad Rusija uzpuldyneja kaimynus ir kelia ultimatumus,tai matai dar ir Lenkija bando kazko tai reikalaut!!! Tegul jis ten pas save Lenkijoje reikalauja,o ne Lietuvoje!!!;Russia;Level 1
delfi_sql_8;Idijotai, jokie NATO nesutrukdys Rusijai pasmaugti Lietuva ekonomiskai. Uzdarys prekes, uzsuks dujas ir amen. Gyvensim blogiau negu dabartine Ukraina. Ten nors yra pramone. O Vakarai neislaikys musu nes Graikija, Ispanija, Italija tragiskoje padetije ir streikuoja o mes tik laizom subine Briuseliui ir JAV. NATO tik nasta ir papildoma rizika gauti smugi. Tai naudinga tik JAV.;Russia;Level 1
delfi_sql_8;Idijotai, jokie NATO nesutrukdys Rusijai pasmaugti Lietuva ekonomiskai. Uzdarys prekes, uzsuks dujas ir amen. Gyvensim blogiau negu dabartine Ukraina. Ten nors yra pramone. O Vakarai neislaikys musu nes Graikija, Ispanija, Italija tragiskoje padetije ir streikuoja o mes tik laizom subine Briuseliui ir JAV. NATO tik nasta ir papildoma rizika gauti smugi. Tai naudinga tik JAV.;USA;Level 1
delfi_sql_8;LABAI GERAI,REIKIA NATO BAZES,MATOM KOKIE BANDYTAI VALDO RUSIJA;Russia;Level 1
delfi_sql_8;neturi amerikonas kur kariauti tai dabar grusis i lietuva kam mums ju reikia ar manote kad jie mus apgins jie ziuei tik savo naudos tegu jie eina POVELNIU ir mums ju pagalbos nereikia jeigu rusas nores per pora val lietuva tankais nustatys ir niekas nepades tegu amerikonas kariauja Amerikoje labai butu malonu kad kas i amerika bomba numestu gal jie tada suzinotu kas yra KARAS o ne kirsintu pasauli AMERIKONE NEDRISK LISTI I LIETUVA;USA;Level 1
delfi_sql_8;rusija šuūdo krūva.;Russia;Level 1
delfi_sql_8;todel TIK NATO RUSIJA BIJO ,IR ZINOM KAD RUSIJA VALDO KGB CEKISTAI IMPERIALISTAI;Russia;Level 1
delfi_sql_8;Todėl, kad rusija yra didelė mėšlo krūva ir netgi mūsų vietiniai rusiukai tai supranta ir nieku gyvu nenorėtų palikti klestinčios Europos dėl dvokiančių rusijos mėšlynų.;Russia;Level 1
delfi_sql_81;neduokit isiverzt rusijai i pietines ir ritines teritorijas,ir neleiskit padaryt Ukrainos federalizacijos,tai butu jusu-JAV,NATO,ir ES pralaimejimas.Duokit gera atkirti rusu okupantui putleriui,tada as patikesiu,kad jus kazka dar galit!As sneku ne apie kara,duokit atkirti visom imanomom priemonem,bet karo pries rusus neprovokuokit.Jai puls patys,tada kitas reikalas!ES ir ypac vokietija yra rusijos ikaite del duju ir.t.t.Bet manau pasaulis atsilaikys pries rusijos agresija ir fasistini rezima!;Russia;Level 1
delfi_sql_83;Durniuk tu, kodėl Ukrainos rusai (kas ir yra ukrainiečiai) kariaus su Rusijos rusais? Amerų statytinis triušis Jaiceniūchas - ne Ukraina, galicajai fašistai - taip pat. Du trečdaliai Ukrainos nenori nei NATO, nei ES, nepriklausomai nuo Lietuvos politikų lakstymo po maidanus su visokiom kojinėm (ar pirštinėm). O tu įsivaizduoji, kad jie kariaus tarpusavyje, didžiam NATO džiaugsmui?;USA;Level 1
delfi_sql_83;tu garbusis suikisk savo dirbtini mandaguma i ten, kur nelenda. ir nepasakok tu man apie rusija. buvau, puikiai zinau, kaip ir kas ten veikia. be maskvos (pastatytos ant naftos) ten nieko daugiau nera. skyle, kuri niekada netaps civilizuota valstybe. o atsakyti i klausima, ka valdzia padare del tokiu zmogu, kaip tu, kurie ne pirsto nepajudins del savo salies, as atsakineti nesiruosiu. nes pasakoti tau apie laisva zmogaus pasirinkima ir norejima keisti ir pasikeisti, yra beprasmiska.;Russia;Level 1
delfi_sql_85;kieta bobikė..taip ir reikia okupantei,tokia dovana Kinijai įgelia Rusijai,labai šaunu.;Russia;Level 1
delfi_sql_85;Rusija nesupranta, kad ateina jai paskutines dienos. Jei ne dabar, tai uz 10, 20 metu. Seniai buvo aisku, kad reikia rusam draugauti su Amerika, juk dvi baltu zmoniu valstybes... Amerikieciai pastoviai bendradarbiauti siulo, tik praso, kad nebutu draskoma Europa, o rusai tai suvokia kaip silpnuma - neva ju, matai, bijoma. Kazin ka reiks daryti, kai kinieciai viena grazia diena ateis iki Uralo? Ar neteks tik tiems patiems amerikonams rusu ginti. Visiskai strategijos ilgalaikes neturinti banditine valstybe. Svarbu siandien prisiplest, o kas rytoj - vienodai rodo. Sitiek priesu turi, o sajungininku nei vieno. Nereik uzmirst pietuose ir Turkijos, kuri laukia dar nuo 1-o karo galimybes revansui.;Russia;Level 1
delfi_sql_9;O visa Rusija priklauso 100 proc.(Golden Horde Mongols). Tai apie, ką ten Rusija minėjo?;Russia;Level 1
delfi_sql_9;RUSIJOS NEBUVO TIK MASKOLIAI, RUSIJA TURI VADINTIS REALIAI LIETUVA, NES MASKOVIJOS KUNIGAISTYSTE PRIKLAUSE IR PAVALDI BUVO LDK, TAIP KAD ISTORISHKAI NETAIP VADINA SI RUSIJA.O MASKOLIAI AR KATSAPAI NEVSHIOT VISAI;Russia;Level 1
delfi_sql_9;Tada Rusija-mongolu zemes. Dar siulau rusams Aliaska atsiimti :D Totaliai praplautos smegenys tu rusu. Kiekviena sali kazkada kazkas buvo uzkariave, dabar pabandykim atstatyt teisybe, taip gaunasi? Tie patys slavai kazkada atejo i savo zemes, o jose gyveno kiti gyventojai, jei jau jie tokie teisingi, tegu nesdinasi i savo proprotevyne.;Russia;Level 1
delfi_sql_95;jokiu problemu nera, tatarstanas turi savo kalba, savo sostine, savo veliava , savo ribas.. ar turi indenai jankyne tas pacias demokratines salygas?;USA;Level 1
Ekspertai_006;Kiaulės ėda ukrainiečių karių lavonus. Свиньи едят трупы укронацистов. Pigs eat the corpses of ukronazis. P.S. Nesišlykštėkite! Iš Amerikos ateina nauja mada ėsti žmogieną! Uraaaaaaaaa!;USA;Level 1
Ekspertai_008;skaitant arestovičiaus kliedesius(jei jau tokia nelaimė atsitiko), visada reikia prisiminti jo ikišizoidinio gyvenimo laikotarpio paatviravimą, kad “ukraina“ laikosi ant visuotinio melo :) - jei tik nustojama meluoti - tiek sau, tiek kitiems, viskas byra, kaip kortų namelis :))))) - čia visa ta elementari teisybė svarbi ne tiek turiniu, kuris buvo aiškus ir akivaizdus dar nuo pseudokomunistinės šiukšlės kravčiuko “prezidentavimo“ laikų, o svarbi tuo, kas tą elementarią tiesą įgarsino :))) - dabar belieka tik spėlioti, kuo motyvuojasi tas klounas, taip apgailėtinai besistengiantis pratęsti ch uilokropijos gyvavimą :) - greičiausiai, pabuvęs pačiame zelionskinio gyvatyno branduolyje, puikiai žino, kuo gali baigtis bet koks bandymas pradėti sakyti tiesą ...;Ukraine;Level 1
Ekspertai_009;puikus problemos esmės pakapstymas - šizoukrainos temoje, kur nepažvelgsi, visur maitvanagystės dvokas - tiek su padugnėm oligarchais, tiek su pramonės nudegradinimu ir sunaikinimu, tiek su kosmine korupcija ir patrydiotiniu nacistiniu marazmu, tiek su agrarinio sektoriaus downgradinimu ir išeksploatavimu, tiek su totaliniu, diktatūriniu, totalitariniu, - netgi fašistiniu veršiuomenės smegenų plovimu, tiek su bet kokio blaivaus proto išgvaltavojimu;Ukraine;Level 1
Ekspertai_017;Jankynas dulkina tuos nolepausius i Europos i visas skyles. Suprantu kad jankyno itakos agentu pilna Europa, bet gal jau laikas nusimesti ta junga?;USA;Level 1
FB_003;kada dasus ,kaim nusluota ta Sirija visus situos nuo zemes??? Gaila,kad Hitlerio nera greitai sutvarkytu sita reikaliuka.....;Other;Level 1
FB_004;Izraelis humaniskiau zudo, tiesiog subombarduoja gyvenamuosius namus, griauna miestus, saudo i vandens rezervuarus ir pan;Israel;Level 1
Infa_005;kad nacistinė rusija būtų padalina į atskiras taikias valstybes ir sunaikitas jos branduolinis potencialas? Pasaulyje iš karto atsirastų taika.;Russia;Level 1
Infa_005;Rusijoje nėra normalių žmonių. Tik rusų nacistai ir jų kaliniai;Russia;Level 1
Infa_006;„Tačiau JAV laukia, kad situacija tik blogės”, ir toliau ginkluoja bei finansuoja Izraelį, o šis vykdo genocidą ir teroristines operacijas.;Israel;Level 1
Infa_011;"Kam sakyti tai, kas ir taip visiems aišku 🙂
Tiesiog galima ramiai sau gyventi, kol JAV natūraliai ateis galas. Juolab, kad jau neilgai liko laukti, nežiūrint į jų pastangas pratęsti agoniją siurbiant sąjungininkų kraują ir net aukojant juos.
„Išmintingieji turi sėdėti ant upės kranto ir laukti, kol priešo lavonas praplauks pro tave“. Jie tai ir daro.";USA;Level 1
Infa_011;visi vengia garsiai sakyti esme : JAV – didziausias pasaulio teroristas! Visi karai,pradedant nuo WW II – kilo del JAV interesu ir intrigu.;USA;Level 1
Infa_012;ta banditines kilmes makleriu salis ciulpia pasaulio finansus,o panaudoti ju – taip ir neismoko. Tesigauna tik naujos „demokratines bombos” naujam donorui.;UNIVERSAL;Level 1
Infa_013;Izraelis nederamai elgėsi ir susilaukė atpildo, gaila tik kad per menko.;Israel;Level 1
KD_002;Dabar Lietuva kalta kad zuvo.Paprašys dar komprnsacijos.Juk už genocidą 2 pasaulinio karo metu ,kuri vykdė Hitleris Lietuva mokėjo, Brazauskas dar buvo gyvas.Antra karta neoerseniausiai vel mokėjo.Uz ką įdomu Lietuva turėjo mokėti.Kodel Vokietijos neprašo kompensuoti ???Nusibodo tas Izraelis ,jis kiek žinau visą savo gyvavimą nekaltumu aš jų ,kas čia žino ,gal taip reikia,bet dėl savo gyvenimo turėtų jie susimąstyti,taip negalima.Suga vaikai,nieko gero nemato.;Israel;Level 1
KD_003;Fasistinis Izraelis patiria didelius kariu nuostolius Fasistinis Izraelis ir Fasistine Amerika pralaimi. Slove kovojanciai Palestinai. Palestina ir arabu valstybes NUGALES Mirtis ES ir Amerikos fasistams. Allach Agbar.;Israel;Level 1
KD_003;Fasistinis Izraelis patiria didelius kariu nuostolius Fasistinis Izraelis ir Fasistine Amerika pralaimi. Slove kovojanciai Palestinai. Palestina ir arabu valstybes NUGALES Mirtis ES ir Amerikos fasistams. Allach Agbar.;USA;Level 1
KD_006;Tai dar kartą įrodo kad JAV teroristų ir žudikų valdomas režimas.;USA;Level 1
KD_010;Viskas žymiai brangiau nei Lenkijoje. Tai gal tą parduotuvę jei ji orentuota į bulbas tai ir reikėjo bulbašyne statyt.;Belorus;Level 1
KD_014;O baltarusai Lietuvą pervadins į Lithuinija?;Lithuania;Level 1
KD_015;i sikna susikit jus ta Bielarusija;Belorus;Level 1
KD_017;Galima buvo diplomatiškiau pasielgti. Uždaryti Baltarusijos sieną be konkretaus paaiškinimo, kaip lenkai padarė. O po to tegul kukarekuoja, kiek patinka.;Belorus;Level 1
Lrytas_008;"O ka ar lietuvei kituokie
Vaikus zudo,zmonas degina😡 Zudiku ir banditu salis";Lithuania;Level 1
Lrytas_1621;dar desėtkas metų ir pasirodys žlungančios šalies vaizdelis;UNIVERSAL;Level 1
Lrytas_1624;reikia kazkokiu budu istrinti lietuva is europos zemelapio;Lithuania;Level 1
Lrytas_1633;Lietuva artima Rusijai savo kaimais,nes kai paziuri,tai viens prie vieno su apluzusiais,suniokotais,prasigerusiais kaimais.;Lithuania;Level 1
Lrytas_1633;Lietuva artima Rusijai savo kaimais,nes kai paziuri,tai viens prie vieno su apluzusiais,suniokotais,prasigerusiais kaimais.;Russia;Level 1
Lrytas_1633;Rusija jau 100 metų iš mėšlo neišlipa. Ir neišlips dar daug metų.;Russia;Level 1
Lrytas_1636;Nieko naujo- Lietuva kaip buvo bananu respublika taip ir liko. Dekokite valdziai ir korumpuotai teismu sistemai. Malaizijoj uz 100 gr heroino mirties bausme baudziama, Amerikoj uz toki nusikaltima- jauno zmogaus nuzudyma- kartuves. O cia gi Lietuva- 20 metu max. Nu pasitrins kaleime 5 metus ir iseis lygtinai. O ka pasakyti nuzudytosios tevams?! Kysiai ir pazintys valdo Lietuva. Reikia begti is cia;Lithuania;Level 1
Lrytas_1641;Didelė klaida sugrįžti į Runkelistaną. Dabar ko gero žmogus prasigers ir nusižudys.;Lithuania;Level 1
Lrytas_1657;Rusija irgi neprognozuojama šalis, todėl raketų gaudytojų skaičių reikėtų padidinti bent iki 100 vnt.;Russia;Level 1
Lrytas_1665;O tai negi litvoje dirbti uz 730 ? :D;Lithuania;Level 1
Lrytas_1857;Koks idiotas belsis į usa dėl apgailėtinų 1500 dolerių? (virš 3000 litų) Ar čia pinigas? Ar tu savam prote? MINIMUMAS Airijoje apie1400 euru.(tai dvigubai daugiau) NX niekam nereikalinga tas tavo žydų provincija usa.;USA;Level 1
Lrytas_1857;NĖRA TOKIOS ŠALIES-USA. Yra IZRAELIS ir jo provincija-usa. Kaip izraelis nuspręs dėl vizų, taip usa marionetas-bušas ir darys. Joks sveiko proto lietuvis nesiverži aį izraelį, kodėl kažkas turi norėti dirbti žydų provincijoje-usa?;Israel;Level 1
Lrytas_1857;NĖRA TOKIOS ŠALIES-USA. Yra IZRAELIS ir jo provincija-usa. Kaip izraelis nuspręs dėl vizų, taip usa marionetas-bušas ir darys. Joks sveiko proto lietuvis nesiverži aį izraelį, kodėl kažkas turi norėti dirbti žydų provincijoje-usa?;USA;Level 1
lrytas_sql_1040;Bet daugiausia pagalių Lietuvos nepriklausomybei kėlė net ir realia karine grėsme ( 1920 ir Vilniaus okupacija )- Lenkija. Nepasitikiu ja ir dabar.;Poland;Level 1
lrytas_sql_1061;ar jus visai subolsevikejot?apie kokias isdavystes kalbat debilai?begale sportininku menininku mokslininku darbininku byby dejo ant tos smirdancios piderastu pedofilu lietuvos ,as pats betkada esu pasiruoses lietuviska pasa apmyzt ir padegt nes geda ji kurnors rodyt geda jog esu is lietuvos iskrypeliu ubagu pediku vagiu krasto;Lithuania;Level 1
lrytas_sql_1068;Anglija - piderastų sala. Visom prasmėm.;UK;Level 1
lrytas_sql_1100;labai gera pasaka, anglija tikras pragaras- pritariu :(;UK;Level 1
lrytas_sql_1149;lenkija europos kinija. kokybe irgi atatinkama;China;Level 1
lrytas_sql_1149;lenkija europos kinija. kokybe irgi atatinkama;Poland;Level 1
lrytas_sql_1185;izraelis pasimokes is vokieciu fasistu zudo nekaltus Plestinos zmones ir vaikus;Israel;Level 1
lrytas_sql_1200;...taip visa Lietuva pamazu atsiduria unitaze !;Lithuania;Level 1
lrytas_sql_1221;"Galgi JAV pradės rūpintis savo žmonėmis, o ne neš ""demokratijas"" į svetimus kraštus";USA;Level 1
lrytas_sql_1226;jav linki blogo savos salies pilieciams, tai ko jus norit, kad ji linketu gero visam kitam pasauliui?;USA;Level 1
lrytas_sql_1297;ne religijos, tai, kad amerika nori but virsunej, atimdama nafta is irako irano ir visu kas dar turi. slykstus vartotojai ir isnaudotojai. Tai Tiesa;USA;Level 1
lrytas_sql_1299;Didziausias pasaulio blogis ne islamas ar koks kitas tikejimas o JAV-Izraelis-UK;Israel;Level 1
lrytas_sql_1299;Didziausias pasaulio blogis ne islamas ar koks kitas tikejimas o JAV-Izraelis-UK;UK;Level 1
lrytas_sql_1299;Didziausias pasaulio blogis ne islamas ar koks kitas tikejimas o JAV-Izraelis-UK;USA;Level 1
lrytas_sql_1327;Lietuvele menka pelyte paliginus su Baltarusija arba Lenkija. Bet kur gi ten, loja garsiausiai iš visu.;Lithuania;Level 1
lrytas_sql_1491;Parodikit man Dar durnesne sali nei lietuva? Visomis prasmemis;Lithuania;Level 1
lrytas_sql_1533;lietuva tik ir galima lyginti su siaures koreja;Lithuania;Level 1
lrytas_sql_1533;lietuva tik ir galima lyginti su siaures koreja;Other Asian;Level 1
lrytas_sql_1533;tai kad daunas konkreciai cia esi tu:) bandymas kazkaip reabilituoti siaures koreja yra tiesiog apgailetinas:) kuom tave seria, debiliuk:) beja, atsilieki, pasiziurek kad ir i tos pacios piderastiskos rusijos nuomone, ten siaures koreja irgi nebemadinga ir nebepateisinama, tad tavo lojimas jau kiek atsilikes, pasiziurek i savo seiminku nuotaikas:)));Russia;Level 1
lrytas_sql_1550;Rusija parklupdyta ant keliu- net Lietuva uzpakali spardo;Russia;Level 1
lrytas_sql_1604;Niekas neparašė, kaip velionė nukrito, kas ją surado, kas iškvietė medikus, ką sako tikri ekspertai(beje, jie ir Kedzio, ir Ūso mirtis įvardijo ne smurtinėmis), kodėl sudegino tuoj pat ir dar daug neatsakytų klausimų. Bet čia LIETUVA, kur viską perka ir parduoda, kur litas kalba, litas tyli. Ilsėkis ramybėje, Irena. Man kyla minčių, kad kažkas Tau padėjo nukristi nuo laiptų...Lietuvos vyrai šiais laikais baisūs.;Lithuania;Level 1
lrytas_sql_1607;Jeigu jau rusai taip puikiai gyvena, kaip cia penktoji kolona raso, tai kodel kievienais metais Rusijoj milijonas rusu dingsta, sesi milijonai narkomanu, tiek pat alkoholiku,dvylika milijonu invalidu ir psichiniu ligoniu,Kodel anglijoje puse milijono rusu, Amerikoje trys milijonai gyvena, jei toj saly taip puiku.Bega kaip ziurkes is tos Rusijos issivezdami kapitala.Durniu salis, su durniu valdzia ir durniu liaudimi. Ka padarysi, kaip sake prezidente ir su durnium kaimynu reikia bendrauti, nes geresnio salia neturi. Bepigu lenkams ir cekams, nors debilu pasoneje neturi.;Russia;Level 1
lrytas_sql_1607;Kol Rusija neisduos Lietuvai Medininku zudiku tol nereikia palaikyti jokiu santykiu.;Russia;Level 1
lrytas_sql_1624;Lietryti gal uzteks koreguot balsavimus,kas per supista demokratija Lietuvoje?;Lithuania;Level 1
lrytas_sql_1635;svedai tai dar graziai juos pamoke,o rusijoj butu juos mirtinai uzmuse!Geda;Russia;Level 1
lrytas_sql_1643;Baisu,kas vyksta Lietuvoje...;Lithuania;Level 1
lrytas_sql_1643;kai paskaitai tikius absurdus, tai iš Lietuvos norisi bėgti kuo toliau. Trūksta žodžių.;Lithuania;Level 1
lrytas_sql_1660;tik pas mus lietuvelej apdovanojami suteneriu ir pedu gynejai...liudna...;Lithuania;Level 1
lrytas_sql_1679;Lietuvoje daugiau niekas ir nevyksta,kaip tik žmonių mulkinimas.;Lithuania;Level 1
lrytas_sql_1686;Šaunuolė Dalia. dabar tik reikia atsilaikyti prieš motinėlės rusijos manipuliacijas;Russia;Level 1
lrytas_sql_1691;kijeve -protestas.lietuvoje prie seimo -spygos liaudziai ir kulkos;Lithuania;Level 1
lrytas_sql_1691;Prieš varydamas ant kitų tautų, pasidairyk, po Lietuvą, kiek čia išgeriama./Algika/;Lithuania;Level 1
lrytas_sql_1691;tuoj ruskynas liks viena respubliko,su miskais ir stepem,ir 50 mil gynebntoju.....gales burliokai susijungt su kinija......ir laimingai gyvent socializme.....alchogoliku tauta.....visi nuo ju bega.....tuoj ukraina iseis is okupantu jobanu.....VALIOOOOO UZ UKRAINA......;Russia;Level 1
lrytas_sql_1692;lietuvoje korupcija didesne , negu Rusijoje , tik nei vieno nepasodino;Lithuania;Level 1
lrytas_sql_1692;rusija,.,tai zodziu protu nesuvokiama.idiotu kysininku salis.;Russia;Level 1
lrytas_sql_1692;sukurtu filma apie lietuvos korupcija,tai ziurek dar ir putina aplenktu...;Lithuania;Level 1
lrytas_sql_1693;vargo lietuva padžiaus ir paskutinius kamašus;Lithuania;Level 1
lrytas_sql_1712;lietuva, broliu, pusbroliu ir BAILIU valstybe;Lithuania;Level 1
lrytas_sql_1745;Buvo grazi mergina. I dabar suvArgus toj Amerikej. Sudas Ta Amerika. Dziaugsis namo parlekus;USA;Level 1
lrytas_sql_1763;degradai amerikosai ir emigrantai padugnes ten gyvena va is ko ta amerika padaryta buvau ten nekata ir pats isitikinau daunu salis ten tik pinigu uzdirbti ir atgal kol pats tokiu netapai nors dabar ir uzdirbt ten nebelabai einas tad i subine ta laisves sali nes jokios ten laisves nera;USA;Level 1
lrytas_sql_1766;Litxujanija jabana - piderastu krastas . Jau greicau rusai ateitu .. pats kurva tu piderastu is valdzios i traukinius sodinsiu .. budeliu nemokamai eisiu dirbti ..;Lithuania;Level 1
lrytas_sql_1779;Anglijai negrai tinka.tie nedirba is pasalpu gyvena,pysa nutukusias perpysto mentaliteto vietines kurvas ir dar pasalpa gauna.apgailetina negroudu prieglauda;UK;Level 1
lrytas_sql_1826;Lietuva - antras Paragvajus fasistams ir jiems prijauciantiems.;Lithuania;Level 1
lrytas_sql_1826;Lietuva - antras Paragvajus fasistams ir jiems prijauciantiems.;Other;Level 1
lrytas_sql_1850;Kuo toliau,tuo labiau Rusija tampa neprognozuojama,kuo maziau reik tureti reikalu su jais.;Russia;Level 1
lrytas_sql_1857;kad Lietuva lenda be muilo amerikonams aišku jau nuo tų metų, kai jie mus vadavo' , o rusas to vadavimo pasėkoj trėmė į Sibirą. tik Lietuvos valdžia atsistojusi tarnauju pozoj be jokios savigarbos galėjo vienašališkai panaikinti vizų rėžimą visokiems juodašikniams, o patys stovėti su ištiestais dokumentais ir su nuolankumu akyse JAV amsadadoj laukti, kad tas juodašiknis teiktųsi atkreipti į tave dėmesį ir suteiktų loską nuvykti į macdonaldiją. spjaunu aš į tas amerikas, šikdamas atsuku savo užpakalį į jų pusę lai paspringsta su savo ta bevize laivės sergėtojai( mano akim pasaulio cerberiai);Lithuania;Level 1
lrytas_sql_1857;kad Lietuva lenda be muilo amerikonams aišku jau nuo tų metų, kai jie mus vadavo' , o rusas to vadavimo pasėkoj trėmė į Sibirą. tik Lietuvos valdžia atsistojusi tarnauju pozoj be jokios savigarbos galėjo vienašališkai panaikinti vizų rėžimą visokiems juodašikniams, o patys stovėti su ištiestais dokumentais ir su nuolankumu akyse JAV amsadadoj laukti, kad tas juodašiknis teiktųsi atkreipti į tave dėmesį ir suteiktų loską nuvykti į macdonaldiją. spjaunu aš į tas amerikas, šikdamas atsuku savo užpakalį į jų pusę lai paspringsta su savo ta bevize laivės sergėtojai( mano akim pasaulio cerberiai);USA;Level 1
lrytas_sql_1866;sugriove savo dangoraižius ,dabar užnodijo sirus ,amerikos metodai yra žiaurus,bet pasaulis kada nors nušluos piderastu sionistu irštva;USA;Level 1
lrytas_sql_1876;AMERIKA IR AMERIKONAI - TAI PABEGUSIU IS LIETUVOS AFERISTU PRIEGLAUDOS NAMAI. TODEL, VISOKIEMS PSEUDOKUNUNIAGOS-ISVERSTASKURIAM : CEMODAN-VOKZAL-AMERIKA. Jurijus Subotinas.;USA;Level 1
lrytas_sql_1876;AMERIKA IR AMERIKONAI - TAI PABEGUSIU IS LIETUVOS VAGIU-PSEUDOKOMUNIAGU, AFERISTU, PYDERASTU IR LESBIJECIU PRIEGLAUDOS NAMAI. TODEL, VISOKIEMS PSEUDOKUNUNIAGOS-ISVERSTASKURIAM : CEMODAN-VOKZAL-AMERIKA. Jurijus Subotinas.;USA;Level 1
lrytas_sql_1917;VAZIUOKIT VISI I KANADA.LIETUVA DVOKLYNAS;Lithuania;Level 1
lrytas_sql_1941;tai pietu amerika -ubagynas kaip reta ir zmones ten tamsus;Other;Level 1
lrytas_sql_1952;smegenu JAV - NULIS;USA;Level 1
lrytas_sql_1952;va tau ir amerika, ligoniu salis.;USA;Level 1
lrytas_sql_1967;atsilikusi salis ta lietuva ir bukaporociai valdininkai, akmens amzius;Lithuania;Level 1
lrytas_sql_2067;Na,tikėkimės,gal kitaip kaip nors išplauks.Prakeikta amerika.;USA;Level 1
lrytas_sql_2076;nuo seno siūlau,kad baltarusija(bulbiašai)taptu Rusijos federacijos dalim.ir padaryčiau, AŠ,puikų piliečių susigyveną.;Belorus;Level 1
lrytas_sql_2123;Bezpredielas. Lenkija - baisinga šalis, kurią valdo kunigai.;Poland;Level 1
lrytas_sql_2129;Amerika tikra diktatorių irštva kliudanti man žmonėms nešti džiaugsmą. Tai norėjo pasakyt šis dienraštis?;USA;Level 1
lrytas_sql_2140;Tikra amerika toj lietuvoj - subado, nusauna, nusisauna.... maziau CNN LT RODYT.;Lithuania;Level 1
lrytas_sql_2140;Tikra amerika toj lietuvoj - subado, nusauna, nusisauna.... maziau CNN LT RODYT.;USA;Level 1
lrytas_sql_2196;ne i LIETUVA o i debilu valstybe sugrizo!!!!!;Lithuania;Level 1
lrytas_sql_2213;Amerika,Amerika,Amerika. Irgi mat doroviskiausia valstybe. Juokas ima. Kai Ruandoje iszudomas milijonas-Amerikai tai nerupi, nes ten nei naftos, nei kitu iskasenu nera, bet Irake-reikia nuversti Huseina, nes naftos ten... Stai ir visa morale.;USA;Level 1
lrytas_sql_2246;Bet kaip sustabdyti Eiropos islamizacija?As manau,kad nepraeis ir 100metu,Anglija taps Islamic Republic of England.;UK;Level 1
lrytas_sql_2266;greiciau ta lietuva prisijungtu rusija arba vokietija. Ir dar ta lenkija prakeikta reik padalint. Galas Verslio sutarties isgamoms tures but padarytas;Lithuania;Level 1
lrytas_sql_2266;greiciau ta lietuva prisijungtu rusija arba vokietija. Ir dar ta lenkija prakeikta reik padalint. Galas Verslio sutarties isgamoms tures but padarytas;Poland;Level 1
lrytas_sql_2271;Pati visa vokietija-gaila-prifarsiruota kgbistu ir gi. Vienas atsidenge/apsisviete, palaikydamas ruskius )));Germany;Level 1
lrytas_sql_2272;as tai i Kanada uz jokius pinigus nevaziuociau, geriau jau i Lietuva;Canada;Level 1
lrytas_sql_2347;ta vokietija sudas grynas ten vien psihai pyderasai durneliai ten jau nebeisitenka turku pilna o kas rurina vokietes turkai nes vokietis pyderas jis neparurina;Germany;Level 1
lrytas_sql_2357;Tarnauti Amerikai, globalistų klanui, varžyti kitų šalių suverenitetą?;USA;Level 1
lrytas_sql_2358;Lietuva jau bananu respublika .normalu cia;Lithuania;Level 1
lrytas_sql_2401;I Amnesty Intyernational, Zmogaus teisiu teisma, radio stotis Laisvoji europa, Laisves radijas. Ar cia Lietuva, ar cia Huseino laiku Irakas, kur istisi kaimai buvo nuodijami dujomis? Grasinama uzmusineti valdziai neitikusius. Apie tai butina pranesti pasauliui.;Iraq;Level 1
lrytas_sql_2401;I Amnesty Intyernational, Zmogaus teisiu teisma, radio stotis Laisvoji europa, Laisves radijas. Ar cia Lietuva, ar cia Huseino laiku Irakas, kur istisi kaimai buvo nuodijami dujomis? Grasinama uzmusineti valdziai neitikusius. Apie tai butina pranesti pasauliui.;Lithuania;Level 1
lrytas_sql_2407;atsirugs, tam Izraeliui ir Amerikai, arabu salys jiems uz tas zudynes nedovanos.;Israel;Level 1
lrytas_sql_2407;Fašistinis žydų režimas galutinai apsidirbo,-Vakarų Pasaulisjau ruošiasi skelbti boikotą prieš Izraelį;Israel;Level 1
lrytas_sql_2407;Geda Izraeliui uz okupacija zmoniu XXI amziuje laikimu uz spigliuotu vielu lageriuose .Juk ten priesinasi zmones panasiai kaip vokieciu naciu lageriuose is nevilties kada tave laiko kaliniu lagerije ,ne uz ka uz joki nusikaltima ka padare tie vaikai kad turi gyventi lagerije baisu tai holokostas;Israel;Level 1
lrytas_sql_2407;Izraelis, tai okupantai ir zudikai;Israel;Level 1
lrytas_sql_2407;Izraelis, tai okupantai ir zudikai;Israel;Level 1
lrytas_sql_2407;nera tokios salies kaip izraelis ir nebus sitiems galvijams padejo susikurt sita izraeli skerdikas stalinas su pasaulines zydijos palaikymu bet tai nieko nereiskia salies likima gali sprest tik etniniai to krasto gyventojai ir niekas kitas ne jokios jt ar dar kokie galvijai kaip stalinas.;Israel;Level 1
lrytas_sql_2407;taika bus tik tada kaip teroristu gauja izraelis bus sunaikintas...;Israel;Level 1
lrytas_sql_2407;taika bus tik tada kaip teroristu gauja izraelis bus sunaikintas...;Israel;Level 1
lrytas_sql_2407;zydai neturi ir netures savo valstybes nes tai Dievo bausme uz ju tarnavima setonui...izraelis yra neteiseta valstybe ir ji pasmerkta zlugt.;Israel;Level 1
lrytas_sql_2409;nera cia ka per daug ziuret izraelis nusikalstama gauja ir ta gauja ikurta neteisetai o kas padaryta neteisetai greitai isnyksta...;Israel;Level 1
lrytas_sql_2416;LIETUVA , TU DEBYLU KRASTAS;Lithuania;Level 1
lrytas_sql_2418;http://www.lithunia-sucks.eu;Lithuania;Level 1
lrytas_sql_2420;...maisai savokas zurnaliuga ne is gero gyvenimo isvaziavom..valgyt neturejom,banditai ir anstoliai vaikesi...o kai pagyvenom normaliose salyse ,pamatem kaip visi elgiasi kitaip tai kai grysti i barbaru sali visai nesinori,,,,JUS NET SIUNCIAMUS REGISTRUOTU LAISKU PINIGUS PENSININKAMS ISTRAUKIAT ,KO NE NUSIKALTELIU VALSTYBE?;UNIVERSAL;Level 1
lrytas_sql_2420;sudas ta lietuva, tamsus ruskynas kazkoks, purvina salis tiek savo isore tiek savo vidum, badaujantis gyvenimas galutinai mutavo zmoniu smegenis;Lithuania;Level 1
lrytas_sql_2420;sudas ta lietuva, tamsus ruskynas kazkoks, purvina salis tiek savo isore tiek savo vidum, badaujantis gyvenimas galutinai mutavo zmoniu smegenis;Russia;Level 1
lrytas_sql_2432;JAV - kosmopolitų rojus ir dvasios ubagų prieglauda..;USA;Level 1
lrytas_sql_2439;Naujiena !! Rusija keicia pavadinima i KGB !!!;Russia;Level 1
lrytas_sql_2444;Nezinau, kaip Amerikai, bet Rusijai JAU DABAR SHAKES...;Russia;Level 1
lrytas_sql_2447;cia Lietuva, cia sudais lyja... :);Lithuania;Level 1
lrytas_sql_2448;...šiandieninė Gruzija, -tai rimtas pavojus taikai pasaulyje...tačiau, reikia tikėtis, kad ši chunta bus sutramdyta...;Caucasian Countries;Level 1
lrytas_sql_2448;manau kad amerikietiska propoganga zlunga europoje ,patys jav senatoriai pripazino kad gruzinai pradejo kara ,taip kad nereikia mus uz durnius laikyti ir rasyti mela ir slykscia jav okupantu propoganda;USA;Level 1
lrytas_sql_2448;Rosėja-jobanų išsigimėliškų fašistų ubagynė-nieko nuostabaus, kad rusijos nekenčia visas pasaulis;Russia;Level 1
lrytas_sql_2459;atsaskykit ,ka Lietuva pasieke per 17 nepriklausomybes metu.?kuria ypac palaiko amerika,ir vakaru frontas.Paskui kalbesim apie rusija ir Putina.;Lithuania;Level 1
lrytas_sql_2464;rusija turi savo nuomoneo lietuva soko pagal kitu dudeliu.;Lithuania;Level 1
lrytas_sql_2464;Tikrai gerai straipsnyje pastebeta, kad Rusija turbut pasauliui gerokai poavojingesne uz Irana, Iraka ir Koreja kartu sudejus. Kur ziuri Vakaru vadovai? Tikekimes, kad su Obamos isrinkimu viskas pasikeis, nes Mccaino kontora vykdys Busho politika.;Russia;Level 1
lrytas_sql_2478;Tą karą sukurstė ne Rusija, o Amerika. Jei ne Amerikos kurstimas ir pažadai mes jums padėsim, Gruzija jokiu budu nebutų drįsusi pulti Rusijos. O Rusijos taikdarių užpuolimas ir bombardavimas reiškia ne ką kitą, o karo paskelbimas Rusijai. Taigi išvada: Gruzija pirma užpuolė Rusiją.;Caucasian Countries;Level 1
lrytas_sql_2478;Tą karą sukurstė ne Rusija, o Amerika. Jei ne Amerikos kurstimas ir pažadai mes jums padėsim, Gruzija jokiu budu nebutų drįsusi pulti Rusijos. O Rusijos taikdarių užpuolimas ir bombardavimas reiškia ne ką kitą, o karo paskelbimas Rusijai. Taigi išvada: Gruzija pirma užpuolė Rusiją.;USA;Level 1
lrytas_sql_2479;sudas ta kinija ir sudas ta olimpiada, labiau gerbciau lietuvos sportininkus, jei jie butu boikotave ir atsisake vykti, bet basketbolo myletojai to nesupras;China;Level 1
lrytas_sql_2484;Lietuva - tai ES neturtingas ir nedemokratiškas, neteisiškas Žemės lopinėlis. Ten, Europoje, į mus beveik niekas nekreipia dėmesio ir net nežino - kokioje ervėje mes esame. Todėl mums, Lietuvos piliečiams, apie ES galimybes, naudą ir lasvę reikia žinoti. Ar tu žinai?! Aš nežinau, nes nėra tokių teminių populiarių laidų per TV ir LR!!!;Lithuania;Level 1
lrytas_sql_2496;JAV yra imperialistinė valstybė, kurios karinė ir ekonominė galia leidžia išvengti atsakomybės už savo nusikaltimus prieš įvairių šalių tautas. Šios valstybės paskelbtas „karas prieš terorizmą“ įgalina kelti grobikiškus karus ir kruvinais metodais diegti laisvosios rinkos kapitalizmą visame pasaulyje. „Karu prieš terorizmą“ suinteresuotos pasaulinės korporacijos ir karinis-industrinis kompleksas skatina pasaulines ekonomikos krizes, kad jų metu sunaikintų vietinių tautų ir kultūrų savitumą, priverstų šias šalis vergauti JAV kapitalo interesams. Šiuo metu JAV įsivėlusi į du didelius karinius konfliktus – Irake ir Afganistane. Tose valstybėse ji vykdo karo nusikaltimus, į juos įtraukia, demoralizuoja ir beprasmiškai žudo ne tik savo, bet ir kitų valstybių piliečius. NATO – pasaulinės karinės organizacijos, kuri aklai vykdo imperinę JAV valią, – gretose žuvo ir du Lietuvos kariai. Jų žus dar daugiau, jei JAV dislokuos savo priešraketinis gynybos kompleksą Rytų Europoje Reikalaujame Jo Ekselencijos Lietuvos Respublikos Prezidento Valdo Adamkaus: 1. Nutraukti bet kokias Lietuvos valdžios derybas su JAV vyriausybe dėl priešraketinės gynybos sistemos dislokavimo Lietuvos teritorijoje. 2. Iki 2009 m. sausio 1 dienos išvesti Lietuvos karius iš visų JAV bei NATO karo zonų. Pasirašyk peticiją: culture.lt/ne-raketoms/;USA;Level 1
lrytas_sql_2496;padare !!!Lieti kraują už Amerikos MAFIJOZŲ grobikiškus tikslus Rytuose? Gėda būtų !;USA;Level 1
lrytas_sql_2496;Tau irgi siulyciau i Afganistana nuvykti. Isbandytum sitam pragare savo drasa.;Other Asian;Level 1
lrytas_sql_2501;smirda ta jusu vokietija kanalizacija, vienintele komanda nusipelniusi cempionu titulo cempionate yra ispanija;Germany;Level 1
lrytas_sql_2523;Tegul ta suknista ukraina su savo Sirdiucka ir kitokio plauko gejais klaunais eina kaku. :-) P.S. Keiciu persijos kilima i identiska lasiniu gabala! :-);Ukraine;Level 1
lrytas_sql_2534;lenkija tada iseina impotentu salis, o rusai patys kalti kad vel mesa ileido lenkiska i vezt :)));Poland;Level 1
lrytas_sql_2548;Parsidaveliu salis Lietuva GEDA GEDA!!!!!!!!!!!!!;Lithuania;Level 1
lrytas_sql_2567;"Štai jums išgirtoji Anglija, kurioje visi mieli, šypsosi, politikai teisingi, o darbdaviai neklastoja algalapių:)))) Atsibuskit, naivuoliai. Anglija yra tokia kriminalinių paplavų duobė, iki kurios Lietuvai 100 metų ""šūdu plaukti"" - kaip sako kai kurie komentatoriai, kad pasiektume tokį nuopolį, tokį nuodėmių ir begėdystės lygį...";UK;Level 1
lrytas_sql_2602;Izraelis labiausiai ksenofobiska ir diskriminuojanti valstybe pasaulyje. Religine, socialine, politine prasme;Israel;Level 1
lrytas_sql_2611;cha cha va jum ir rusija. Sekmes nukentejusiai ieskant teisybes baisiame rusijos kraste.;Russia;Level 1
lrytas_sql_2611;ko jus norite - juk tai Rusija;Russia;Level 1
lrytas_sql_2625;koki ivaizdi ir kas cia per lietuva dumblu salis su muziku vagiu ir piderastu valdzia.;Lithuania;Level 1
lrytas_sql_2625;Stebiuosi tolerantiška Anglijos politika. Jau seniai laikas jiems priimti įstatymus, ribojančius imigrantų srautus. Dabar Anglija tampa viso pasaulio atmatų duobe. Įdomu, kiek dar ilgai tai tęsis?;UK;Level 1
lrytas_sql_2643;anglija yra anglija,bet kad darys musu sumauta salele lt.???cia greit galesim uzkalt langus daugeliu miestelu namu nes isnyks visi kaip tarakonai;Lithuania;Level 1
lrytas_sql_2651;Kiekvienas protingesnis lietuvis jau seniai isnese kaili is cia, ar planuoja vaziuot is sito bananu krasto. Tevyne, nu ir kas kad tevyne? Ar tevyne gali normaliai gyventi? Rasti puiku darba, su geru uzmokesciu? Gauti puiku issilavinima? Valio kaip saunu Lietuvoj su vienais vagim, pyderais, pedofilais gyvent, nes cia tokiu apstu... Apie valdininkus visai nekalbu, lohai, dundukai jie...;Lithuania;Level 1
lrytas_sql_2656;Oj ,kaip svarbu amerikai piderasai.Gal ir pats barakas mumba jumba atvaziuos i ta parada,parodys pavyzdi su meru ka reikia veikt,kaip geriau anais pamaskatuot tam iskrypeliu cirke.Eilini karta isryskeja amerikos morales prioritetai,iskrypeliu salis ir kitus nori tokiais padaryt.;USA;Level 1
lrytas_sql_2692;ne tik lietuva bananu salis;Lithuania;Level 1
lrytas_sql_2704;Kitamet Amerika bus galutinai susprogdinta al-Qaida teroristų.;USA;Level 1
lrytas_sql_2706;Lietuva netas krastas, kad talentu cia butu.;Lithuania;Level 1
lrytas_sql_2736;Lietuva- vagių ir kaimiečių šalis!;Lithuania;Level 1
lrytas_sql_2736;man atrodo geriau tiktu .LIETUVA-BULBOJU KRASTAS;Lithuania;Level 1
lrytas_sql_2755;Kodel tada Rusija, valstybe , kuri nugalejo per 2-aji pasaulini kara Vokietija ir Japonija, gyvena 60 kartu blogiau uz tas nugaletas valstybes ???;Russia;Level 1
lrytas_sql_2763;CIA GI lietuva DAUNU DEGRADU SALIS;Lithuania;Level 1
lrytas_sql_2768;vejo jegainiu ...exzzzpertai....kada amerika padejo Lietuvai???;USA;Level 1
lrytas_sql_2772;- Lietuva pardavinėjama, valdžioje sėdi prostitutės ir žigolo.;Lithuania;Level 1
lrytas_sql_2781;amerika jau seniai nesveika visose sferose tiek politiskai,tiek socialiai,tiek ekonomiskai-tai zlunganti salis.Tik baisu,kad ji gali mus visus nusitraukt kartu i dugna,jeigu ir toliau i savo auksciause valdzia rinksim czv agentus ir marijonetes tokius kaip slepkius admsius.;USA;Level 1
lrytas_sql_2786;lietuva - europos juodoji skyle.;Lithuania;Level 1
lrytas_sql_2801;KAD LIETUVA NUSIRYTO IKI NULIO.;Lithuania;Level 1
lrytas_sql_2874;baltarusija neturi ko valgyti zeme plotis turi,bet tinginys,tai va LDK musu rankai darbstus tvarkingai,tai keis lietuviu kalba!;Belorus;Level 1
lrytas_sql_2879;Bolsevikine Rusija ir Fasistine vokietija yra vienodai kaltos uz nusikaltimus zmonijai.;Germany;Level 1
lrytas_sql_2879;Bolsevikine Rusija ir Fasistine vokietija yra vienodai kaltos uz nusikaltimus zmonijai.;Russia;Level 1
lrytas_sql_2896;agresyvi ta rusija...;Russia;Level 1
lrytas_sql_2947;Pasirodo JAV - tercioji salis. Uh kokia didele bananu respublika.;USA;Level 1
lrytas_sql_3107;na taip,amerika zydu vardu pareiske padeka lietuvai.nors jie to nesako.nes amerika tai amerika ,tiksliau salis ,ant indenu kaulu isdygus;USA;Level 1
lrytas_sql_3125;Lenkija-Europos hiena. Tiksliau nepasakysi.Tarp kitko Anglija tada buvo Lenkijos sajungininke.;Poland;Level 1
lrytas_sql_3135;Atsibodo jau tie zydai. Kam jiems Lirtuvos pilietybe, jeigu Izraelis nagali buti normalia teisine demokratiska valstybe. Joje gauna prieglobsti visi nusikalteliai, o ypac is Rusijos, tik tereikia zydu tapti. Cia jau kaip profesija greiciau , o ne tautybe. Otau tamsta Vinokurai, augino, maitino Lietuva tamsta, tai ir galetumet buti patriotas Lietuvos. Na ir kas kad zydiskas kraujas, juk atsisakete Izraelio pilietybes;Israel;Level 1
lrytas_sql_3135;Atsibodo jau tie zydai. Kam jiems Lirtuvos pilietybe, jeigu Izraelis nagali buti normalia teisine demokratiska valstybe. Joje gauna prieglobsti visi nusikalteliai, o ypac is Rusijos, tik tereikia zydu tapti. Cia jau kaip profesija greiciau , o ne tautybe. Otau tamsta Vinokurai, augino, maitino Lietuva tamsta, tai ir galetumet buti patriotas Lietuvos. Na ir kas kad zydiskas kraujas, juk atsisakete Izraelio pilietybes;Russia;Level 1
lrytas_sql_3204;zinoma schema- vezi i Baltarusija narkotikus, o uz gautus pinigus vezi atgal i Kubilistana benzina, zalia mesa, pieno produktus, cigaretes.;Lithuania;Level 1
lrytas_sql_3213;Nenuostabu kodel anglija visada pralosia Europos pirmenybese, nes pilna rukaliu ir akoholi vartojanciu zaideju.;UK;Level 1
lrytas_sql_472;PASAULIO SPAUDA MIRGA NUO STRAIPSNIU, SMERKIANCIU IZRAELI, KURIO GINKLUOTOS PAJEGOS UZPUOLE PALESTINAI HUMANITARINE PAGALBA PLUKDANTI LAIVA SU IVAIRIU TAUTYBIU PILIECIAIS. YRA NEMAZAI ZUVUSIU.AT LIETUVA NETURI TEISES APIE TAI ZINOTI? O GAL LIETUVOS RYTE DIRBA VIENI ZYDAI?;Israel;Level 1
lrytas_sql_495;BALTARUSIJAI, JI TURI SAVO TVIRTĄ STUBURĄ, o Lietuva........... ech.......o gaila,gaila mūsų ir mūsų ateinančios kartos;Lithuania;Level 1
lrytas_sql_495;Saunuoliai kaimynai! Parsidaveliskai lietuvai dar 100 metu keliais eit iki baltarusijos.Mes daugiau panasejame i siaures koreja,kuri pasakoja,jog visur blogai,o pas juos tik gerai.;Lithuania;Level 1
lrytas_sql_495;Saunuoliai kaimynai! Parsidaveliskai lietuvai dar 100 metu keliais eit iki baltarusijos.Mes daugiau panasejame i siaures koreja,kuri pasakoja,jog visur blogai,o pas juos tik gerai.;Other Asian;Level 1
lrytas_sql_546;pabust Lenkijai reiktų nuo mužikiško šovinizmo vieną kartą. O tai jau juokinga darosi. Pasakiau vienam britui, tas ir tarstelėjo, oh my God, kokia nacistiška ta Lenkija;Poland;Level 1
lrytas_sql_551;"lenkija gali susikisti savo pasipiktinima sau i subine,atsirado cia ""vazni"" jai nepatinka lai varo atgal i savo supuvuse polska";Poland;Level 1
lrytas_sql_561;Nors viena is tautos isdryso pasielgt savarankiskai, o ne trypt pagal amerikieciu dudele, kol mes aklai trypeme, i mus su isgasciu, kas cia bus zvalgesi didziosios ES valstybes ir sunkiai leidosi i draugyste, gal kiek daugiau skandinavai, bet ir jie tik pagilino krize salyje, todel senai laukta tokios savarankiskos , grystos pragmatiskumu politikos, o Amerikos ir noredamas neisvarysi is cia, galit nebijot, jiems reikia musu protu, musu kariu, musu rinku, itakos sitam regionui, tik nuejus Busui, keiciasi ir JAV politikos prioritetai.;USA;Level 1
lrytas_sql_561;rusai nors dujas parduoda - ji mums reikalinga, nors ir nemylim mes jo“s, o prie ko cia amerika. donaldu ir mikimauzu tauta. sis zanras jau issisemias;USA;Level 1
lrytas_sql_561;visiem lietuviam smirda amerika;USA;Level 1
lrytas_sql_565;Nacionalizmas neturi būti aklas, bet matyti kitų šalių nacionalizmus, pvz to paties Izraelio, kuris yra grynai nacionalistinė, nedemokratiška valstybė ir kas blogiausiai ji bando kištis į kt šalių reikalus, jei tai liečia nors kiek ten gyvenančių jevrėjų reikalus. Tai kodėl Lietuva neturi teisės turėti savo nacionalizmo, kad apsiginti nuo panašių izrailių ar rusų, kiniečių ir pan nacionalizmų?;Israel;Level 1
lrytas_sql_566;nei verkit,nei dziaukites,tai ne musu isrinktoji,atsovauja ponams lenkam,jie remia,jie finansuoja .....Lietuviai debilu krastas...;Lithuania;Level 1
lrytas_sql_569;O ka, kazkas galvoja kad Lytvoj galima surast originalu? Viskas Lt yra suklastota, kaip Kinijoje;China;Level 1
lrytas_sql_569;O ka, kazkas galvoja kad Lytvoj galima surast originalu? Viskas Lt yra suklastota, kaip Kinijoje;Lithuania;Level 1
lrytas_sql_570;tu nekisk savo dolbajobinio mongoloidisko jebalniko kur tau nereikia. jei nori taip tos cccp - tai susirink savo manatkes ir pyzdink i parasha ar bulbashija. dar visokias ilonas, rytes, bites ir kitas sovietskas sliuhas prikabink. tos prostitutes irgi cia nahui niekam nereikalingos;Belorus;Level 1
lrytas_sql_570;tu nekisk savo dolbajobinio mongoloidisko jebalniko kur tau nereikia. jei nori taip tos cccp - tai susirink savo manatkes ir pyzdink i parasha ar bulbashija. dar visokias ilonas, rytes, bites ir kitas sovietskas sliuhas prikabink. tos prostitutes irgi cia nahui niekam nereikalingos;Russia;Level 1
lrytas_sql_576;Klysti, feodalizmas buvo TSRS, Kai visi privalejo dirbti uz grasius, kaip S. Korejoj, o jei norejai gyventi, tai reikejo uzsiimti seseliniu bizniu- vogti is darbovietes or parduoti turguje. Tada blogiausias palinkejimas buvo- kad tu bien is atlyginimo gyventum! Ir pasalpu tada nebuvo!;Other Asian;Level 1
lrytas_sql_576;tuojau grius ir Bulbašistano Lukošiaus rojus. Ir tada keiksit Landsbergį?;Belorus;Level 1
lrytas_sql_579;tai varyk i savo belarusija, po menesio ar net greiciau maldausi, kad galetum sugrizt :D;Belorus;Level 1
lrytas_sql_583;Niekas nepasikeitė čia Lietuva ir ją valdo KGB ir vagys.;Lithuania;Level 1
lrytas_sql_601;Mes jau buvome prisijunge prie Lenkijos ir ji mus isnaudojo. O kai atsiskyreme nuo lenkijos ir izgyvenome carines rusijos okupacija tai tik atgavus nepriklausomybe Lenkija mus uzpuole. Nemazai dabartiniu saldininku ir vilniaus krasto lenku gyventoju yra tiesioginiai okupantu palikuonys. Man sita situacija panasi i Kosova. Tenais irgi visa regiona buvo uzeme imigrantai, kurie galiausiai pradejo engti vietinius. Karas buvo ziaurus. Neapykanta ir dabar gyva.;Other European;Level 1
lrytas_sql_601;Mes jau buvome prisijunge prie Lenkijos ir ji mus isnaudojo. O kai atsiskyreme nuo lenkijos ir izgyvenome carines rusijos okupacija tai tik atgavus nepriklausomybe Lenkija mus uzpuole. Nemazai dabartiniu saldininku ir vilniaus krasto lenku gyventoju yra tiesioginiai okupantu palikuonys. Man sita situacija panasi i Kosova. Tenais irgi visa regiona buvo uzeme imigrantai, kurie galiausiai pradejo engti vietinius. Karas buvo ziaurus. Neapykanta ir dabar gyva.;Poland;Level 1
lrytas_sql_601;Mes jau buvome prisijunge prie Lenkijos ir ji mus isnaudojo. O kai atsiskyreme nuo lenkijos ir izgyvenome carines rusijos okupacija tai tik atgavus nepriklausomybe Lenkija mus uzpuole. Nemazai dabartiniu saldininku ir vilniaus krasto lenku gyventoju yra tiesioginiai okupantu palikuonys. Man sita situacija panasi i Kosova. Tenais irgi visa regiona buvo uzeme imigrantai, kurie galiausiai pradejo engti vietinius. Karas buvo ziaurus. Neapykanta ir dabar gyva.;Russia;Level 1
lrytas_sql_613;JAV remia Izraeli del to kad JAV yra Izraelio irankis (finansai, karine jega) valdyti ipasauli ir pliesikauti. Del Palestynos geriau butum nutylejes. As noreciau vieno - teisingumo!;Israel;Level 1
lrytas_sql_613;JAV remia Izraeli del to kad JAV yra Izraelio irankis (finansai, karine jega) valdyti ipasauli ir pliesikauti. Del Palestynos geriau butum nutylejes. As noreciau vieno - teisingumo!;USA;Level 1
lrytas_sql_613;"nu jo, ydomiai kazkaip vyksta tas""sukileliu"" gynimas... palestina dar nuo praeito amziaus kaunasi su izraelio okupantais ir reikalai nejuda i prieky... esu tikras kad anksciau ar veliau islys tikruju revoliucijos uzsakovu ausys tiek Tunise, tiek Egipte ar Libijoje... ir be prancuzpalaikiu cia nebus apsieita";Israel;Level 1
lrytas_sql_615;Ka parodys Gadafis Europai?dar kyla klausimas.Visu arabu saliu pagrindinis ginklas TERORIZMAS.Paziures Gadafis i pasaulio zemelapi.Pastebes nupiepuse tokia Lithuania.Ir lieps kokiai kamikadzei Akropolyje susisprogdint.o cia bus jau nebe sausio 13d.;Lithuania;Level 1
lrytas_sql_615;Ka parodys Gadafis Europai?dar kyla klausimas.Visu arabu saliu pagrindinis ginklas TERORIZMAS.Paziures Gadafis i pasaulio zemelapi.Pastebes nupiepuse tokia Lithuania.Ir lieps kokiai kamikadzei Akropolyje susisprogdint.o cia bus jau nebe sausio 13d.;Other;Level 1
lrytas_sql_615;Sadamas ilgai tarnavo Amerikai ir buvo pakartas, Gaddafii ilgai tarnavo Amerikai, tai ji irgi pakars? Ar yra sitam pasauly teisybe, ar tik PINIGAI?;USA;Level 1
lrytas_sql_622;Kinija pradeda rodyt savu vergu imperijos nagus. nejuokinga;China;Level 1
lrytas_sql_622;Pritariu,kazkaip daznai jiem su tom elektrinem problemos,nereik ne zemes drebejimo,kazkao nedadirbe,keista juk apsauga atomines reaktoriaus turetu but padaryta rimta,del zemes drebejimu,juk japonai,o ne koks bangladesas;Other Asian;Level 1
lrytas_sql_622;vietoj to kad rase nesamones organizuokit mat.parama Japonijai ten pinigu nepavogs-ne lietuva;Lithuania;Level 1
lrytas_sql_650;Europa tai apskritai toks atsilikimas kad ner zodziu, su Amerika net nepalyginsi. Anglijoj pavaziuoji keleta myliu uz miesto tai toks kaimas net baisu. Tualetai apsikti, apmyzti, traukiniai nuo antro pasaulinio karo laiku...;UK;Level 1
lrytas_sql_667;Pedofilu rojus Lietuva du metus uz mazu vaiku isniekinima?Jam 22 reikejo;Lithuania;Level 1
lrytas_sql_683;O kuo pas mus geriau us baltarusija,liaudis ant bado slenkscio.;UNIVERSAL;Level 1
lrytas_sql_687;santykiai su baltarusija tai perspektyvu, santykiai su lenkija tai prazutis.;Poland;Level 1
lrytas_sql_688;"visi sveikai mastantys ""parduotu"" nacistine zydsaudziu,homofobu,marozu,keliu gaidziu,debilu Lietuva.Tie sveikai mastantys seniai mokescius moka protingesnese salyse.";Lithuania;Level 1
lrytas_sql_709;Rusija turi ir pinigu ir draugu o Kubilistanas nei to nei to;Lithuania;Level 1
lrytas_sql_710;Bendras jusu kartu su Gruzija jankiu organas kuri jus čiulp čiulp;Caucasian Countries;Level 1
lrytas_sql_762;BOMZAI GATVESE ATVIRAI GULI, O JAU KIEK VAIKU BOMZU NEDUOK DIEVE RUSIJOJE GYVENT. NEBEREIKALO VISI ISTEN BEGA.;Russia;Level 1
lrytas_sql_790;O tai kiek jusu kubilistano rojuje pastarosiom dienom isprievartavo, o tarkim ziauriai uzmuse moteru, kiek isprievartavo, kiek nuzude senuku ir kitu,kiek nusizude, kiek kysiu paeme ir isvoge, kiek nuzudytu kudikeliu kanteineriuose ir srutu duobese, kiek sukapojo sektantes draugiu, kiek galvu nupjove sugerovai?;Lithuania;Level 1
lrytas_sql_792;Šią operaciją planavome kartu su NATO ir draugiškomis arabų šalimis - draugiškos arabų šalys draugiškai skerdžia civilius - gražu. Sutinku su 28 komentaru. Tai ką mums rodo yra labai pagražinta dalis to, kas iš tikrųjų vyksta. O visai sukilėlių palaikymo komandai siūlau pasiieškoti straipsnių apie juodąsias technologijas.;Other;Level 1
lrytas_sql_796;Ar gali plynas runkeliu laukas pasivadinti VALSTYBE? Visas pasaulis seniai zvengia is lietuvos Kretinu pasariniu runkeliu. Nieko, nebeilgai liko laukti, kol tas laukas bus suartas ir kilnesnemis kulturomis uzsodintas.;Lithuania;Level 1
lrytas_sql_796;geriau jau isvykti, nei cia sitiems vagiams tarnauti - uosviu krastelis!!!!!!!;UNIVERSAL;Level 1
lrytas_sql_800;Riaušės D.Britanijoje - tik mažytis simbolinis atpildas britams už jų visame pasaulyje padarytas piktadarybes: grobimus, plėšimus, išnaudojimus, kolonizacijas. Šios riaušės - tai aguonos grūdelis jūroje atpildo, kurio yra verti britai už visas agresijas, padarytas per praeities šimtmečius ir tebedaromas iki šiol - Afganistane, Irake, Libijoje. Matysite kas toliau darysis...;UK;Level 1
lrytas_sql_808;ruskyno nebeliks, kinijos siena geriausiu atveju bus ties baltarusija. pagiedokit burliokai dar apie lansbergi... nors geriau mokinkites kinu kalbos. pagiedokit;Russia;Level 1
lrytas_sql_894;O Lietuva tuscias zemes plotas tarp Rusijos ir Lenkijos, boom...;Lithuania;Level 1
lrytas_sql_966;Lietuva valdo pedofilai ir prostitutes.;Lithuania;Level 1
Netiesa_002;Gal jankynas ne taip ir kaltas, greiciau kalti parsidaveliai kitu saliu valdziagyviai nuolankiai sutinkantys, kad su jais butu valomi amerikiniu bandytu subines.Cia turiu omeny ir litikrijos valdzios pašliamekus.;Lithuania;Level 1
Netiesa_002;Gal jankynas ne taip ir kaltas, greiciau kalti parsidaveliai kitu saliu valdziagyviai nuolankiai sutinkantys, kad su jais butu valomi amerikiniu bandytu subines.Cia turiu omeny ir litikrijos valdzios pašliamekus.;USA;Level 1
Netiesa_002;Gal jankynas ne taip ir kaltas, greiciau kalti parsidaveliai kitu saliu valdziagyviaiPusgalvi tu, jankynas ir buvo vienas iš fašizmo kurstytojų, ir pats yra fašistinis. Tarybų Sąjunga ir jos tautos išgelbėjo pasaulį nuo nacių, ujobke.nuolankiai sutinkantys, kad su jais butu valomi amerikiniu bandytu subines.Cia turiu omeny ir litikrijos valdzios pašliamekus.;USA;Level 1
Netiesa_003;Litukrijoj sitas strapsnis galioja tik zydu atveju;Lithuania;Level 1
Netiesa_004;Nu ar jums gaila tu lietuvisku nuopisu. Geriau butu kad juos Rusija spirgintu letai ilgai  ir be gailescio. Stipk piderasine Lietuva.;Lithuania;Level 1
Netiesa_005;Piderasine Ispanija turi buti sunaikinta.;Other European;Level 1
Netiesa_008;Pravalnas tiesiog piderastines amerikos agentas, kam ji slovinti?;USA;Level 1
Netiesa_009;"pindosijai butina sustiprinti fentanilio programa. ne tik kinai uz opiumo karus bet ir rusas turetu paduoti amerikonui ""kaifo"" kad jie greiciau susiprastu kad laikas imtis ginklu ir savo buozem istarkuoti subines. ";USA;Level 1
Netiesa_009;Su idiotu Putinu ir liberast-piderasine Kremliaus gauja RUSIJA ilgai netrauks. Jau paruostas Moldavijos frontas ir Kaliningrado visiskas blokavimas o tai Pribaltikos frontas. Puiku kaip Putinas drocina bybi.;Russia;Level 1
Netiesa_010;Kodel Leninas su Trockiu nepakele pavergtu Amerikos indenu revoliucijos ?  Paskui kodel Hitleris Amerikoj nenaikino zydu ? Kodel apsiribojo tiktai Europa ?  Didele klaida diele.Per tuos bolsevikus ir nacistus  dabar ir turime ta kurwiska Amerika. ;USA;Level 1
Netiesa_012;O šiaip,tai yra labai gerai,juk būtent tokio amžiaus ir yra pagrindiniai chocholų gerbėjai,balsuoja už liberastus,narkomanų partijas ir pan.,tai dabar tegul eina,pradžioj į kariuomenę apmokymams,o paskui,į savo mylimą chochliandiją kariaut,galės ten mosikuot mėlynai geltonu skuduru ir rėkt salo usraine. ;Ukraine;Level 1
Netiesa_013;AnonimasLabasnia turi buti bet kokiais budais is sios teritorijos kuri dabar vadinasi kazkokia tai lietuva  privalomai turi buti utilizuotri.. Planas ir nurodymai del to NEATSAUKIAMI iki kol bus visiskai ivygdyti.;Lithuania;Level 1
Netiesa_015;Lietuva - nedemokratine,autokratine JAV valdoma pabaltijo mandavoske. Tuom viskas ir pasakyta.;Lithuania;Level 1
Netiesa_015;"Lietuva, kaip ir ukraina- tai parazitinė valstybė, išlaikoma iš europiečių ir amerikiečių pinigų. Tiesiog ukraina didelė, visų nepripenėsi, o Lietuvėlė mažytė, galima sukurti ""gerovės valstybę"". Kol kas. Tiesiog Lietuvos ""valdžia"" skolinasi pinigus, ir moka pensijas, ir atlyginimus biudžetininkams, o reali ekonomika negailestingai naikinama. Pirma sugriovė socializmą, dabar griauna ir kapitalizmą. O pensijas savo seneliams turės apmokėti Lietuvos jaunuoliai. Savo krauju. Tie, kurie nespės pabėgti.";Lithuania;Level 1
Netiesa_015;"Lietuva, kaip ir ukraina- tai parazitinė valstybė, išlaikoma iš europiečių ir amerikiečių pinigų. Tiesiog ukraina didelė, visų nepripenėsi, o Lietuvėlė mažytė, galima sukurti ""gerovės valstybę"". Kol kas. Tiesiog Lietuvos ""valdžia"" skolinasi pinigus, ir moka pensijas, ir atlyginimus biudžetininkams, o reali ekonomika negailestingai naikinama. Pirma sugriovė socializmą, dabar griauna ir kapitalizmą. O pensijas savo seneliams turės apmokėti Lietuvos jaunuoliai. Savo krauju. Tie, kurie nespės pabėgti.";Ukraine;Level 1
Netiesa_015;Ne Lietuva,o Lietuvos mafijine valdžia.;Lithuania;Level 1
Netiesa_018;Butu saunu litukrijos konservatliberastus uzdaryti i tokias stovyklas, nes jie nemaziau nusikalto nei fricai.;Lithuania;Level 1
Netiesa_022;O kodel kumele piš nevaziuoja i okraina, juk neuzilgo liks prie suskilusios geldos, gal ukruose koks azovcas pakudokins.;Ukraine;Level 1
Netiesa_026;Minkstabybis Putinas yra Washingtono zydeliu bybciuplys. Uz tai kad jis Okrainoje stumia dura Washingtonas jam moka gerus pinigus. Pastate didziule vila Floridoje salia Gorbaciovo.;Ukraine;Level 1
Netiesa_026;Niekas jos žodžiais nesustabdys, tik ugnimi ir krauju. O tam reikia, kad apsišikėlis Putinas pagaliau suvoktų ir nustotų šikti. Suvoktų, kad Rusijos pergalė ne Ukroreicho sudorojimas, o visų Vakarų sunaikinimas kaip tokių.;Ukraine;Level 1
Netiesa_027;"Pirma ja reikia sunaikinti o paskui paskelbti""prioritetu""ir toliau ja sistemingai naikinti,tai kas liko.

Tokios lt.kolonijos realijos.";Lithuania;Level 1
Netiesa_028;Labusais rusai vadina lietuvius, del zodzio labas. Panasiai kaip arabus vadina babajais del ju daznai sakomo bai bai. Taigi labusai tai lietuviai.  O lietuviai neturi nieko bendri su taip vadinamis imones lietuvos respublika vadovaujanciais zydeliais, b;Lithuania;Level 1
Netiesa_028;"Lietuva yra prasiskolinusi iki ausų parduotuvių šalis. ""Dirbantys"" dar palaiko šiokią tokią infrastruktūrą ir teikia paslaugas, be kurių litukrija iš viso nukristų į akmens amžiaus lygį. Litukrai turi arba bėgti iš tėvynės, arba pragerti pašalpas, ir laukti, kol bus utilizuoti.";Lithuania;Level 1
Netiesa_039;Jus kurvos fasistai NETURIT TEISES gyventi. Mirtis JevroPiderSojusui ir fasistinei Amerikai.;USA;Level 1
Netiesa_041;Nesibaigė. Jokioje šalyje karo metu rinkimai nevyksta. Todėl Rusija gali pyzdelinti ką nori, bet net pačioje Rusijoje tokia pati tvarka nustatyta įstatymais... Zelią reikia likviduoti, fašistinę Ukrainą sudoroti neatsižvelgiant į visokias išgalvotas pačios Rusijos raudonas linijas, ant kurių seniai bybį dėjo Vakarai, tik Rusijos valdžia pati sau braižo linijas, kurių pati ir neperžengia... Vadinasi, bailiai ir išdavikai sėdi Rusijoje ir su toka valdžia Ukrainos nesudoroti...;Ukraine;Level 1
Netiesa_042;Na matot litukrija gruzija pravardziavo sakartvelu, del gruzinai ir pasiunte litvinus paskui rusu laiva (nachuj);Lithuania;Level 1
Netiesa_042;Na matot litukrija gruzija pravardziavo sakartvelu, del gruzinai ir pasiunte litvinus paskui rusu laiva (nachuj);Ukraine;Level 1
Netiesa_043;Gerai sneka demofroditas. Lietuva privalo siusti kuo daugiau debilu kariauti Okrainoje. Mums reikia apsivalyti nuo menkavertes biologines mases. Negi jus galvojat kad Dievas yra durnas kaip ir jus kad leidzia padarams zudyti vienas kita ir kuo didesniais kiekiais. Dievas sutvere pasauli harmoniska ir subalansuota. Jeigu priviso durniu labai jau kritine mase - prasom pakariauti. Kadangi biologine mase dauginasiu kaip pasiute tai ir karo zudymo irankiai privalo buti efektyvus, siuolaikiski pagal padaru issivystymo lygi ...Tai tiek truputelis apie pasaulio saranga .;Lithuania;Level 1
Netiesa_043;Gerai sneka demofroditas. Lietuva privalo siusti kuo daugiau debilu kariauti Okrainoje. Mums reikia apsivalyti nuo menkavertes biologines mases. Negi jus galvojat kad Dievas yra durnas kaip ir jus kad leidzia padarams zudyti vienas kita ir kuo didesniais kiekiais. Dievas sutvere pasauli harmoniska ir subalansuota. Jeigu priviso durniu labai jau kritine mase - prasom pakariauti. Kadangi biologine mase dauginasiu kaip pasiute tai ir karo zudymo irankiai privalo buti efektyvus, siuolaikiski pagal padaru issivystymo lygi ...Tai tiek truputelis apie pasaulio saranga .;Ukraine;Level 1
Netiesa_047;"Lietuviai svariai prisidės prie ukrų pergalės: apie 30% susimažins pensijas, 50% socialines paslaugas, 40% visi valstybės pirkimai, dar papildomi rezervai...

Mielieji, nepavarkim būti okraina.";Ukraine;Level 1
Netiesa_049;kai nebandytu ju seimininkas is uz balos juos remti ir palaikyti. pagal pindosu komanda sumazino sauktiniu amziu iki 25 bet tai tik pati pradzia. pindosai jau aiskiai pasake kad visi ukrai kas sautuva pakelia turi eiti ginti pindosu interesu ir okrainoj supirktu zemiu ir turtu ;Ukraine;Level 1
Netiesa_049;Lietuvos gyventojai nori kad Lietuvos fasistai kuo greiciau butu Rusijos pakarti. Zmones juos zino ir pades Rusijai juos utilizuoti. Lietuvos fasistines isgamos kartu su Europos kolegomis TURI BUTI ISZUDYTI. Visi iki vieno. Geros sirdies Stalino klaidu NEKARTOSIM.;Lithuania;Level 1
Netiesa_084;Jeigu labusai savo noru nori kad juos ispjautu tada nera ko kuklintis - Lietuvius BUTINA MASISKAI ZUDYTI. ir kuo daugiau ir greiciau Jiems reikia suteikti laime padvesti uz Pindostana, vokiecius ar lenkus. ZUDYKIM LABUSUS  be sazines griauzimo.;USA;Level 1
Netiesa_085;Amerikoje, Washingtone isitaise KOMUNIZMO smekla ir padarys is pindosu Tarybinius zmones. Tai yra gerai. Tada prasides pilietinis karas. Ir tai yra labai gerai.;USA;Level 1
Netiesa_087;Bideno gerbėjai yra mažuma net Amerikanistane.;USA;Level 1
Netiesa_088;"Amerika turi pastipti.

";USA;Level 1
Netiesa_089;Amerika turi buti sunaikinta. Procesas prasidejo.;USA;Level 1
Netiesa_092;Fasistine Amerika, ES ir Izraelis PRIVALOMAI TURI BUTI SUNAIKINTI.;Israel;Level 1
Netiesa_092;Fasistine Amerika, ES ir Izraelis PRIVALOMAI TURI BUTI SUNAIKINTI.;USA;Level 1
Netiesa_092;SUKA, sedi sau tyliai subine itraukes ir sedek tyliai toliau. Pradesi reikstis - 9 gr. svino i kakta garantuoti. o Amerika, ES ir Izraelis jau greitai BUS SUNAIKINTi.;Israel;Level 1
Netiesa_092;SUKA, sedi sau tyliai subine itraukes ir sedek tyliai toliau. Pradesi reikstis - 9 gr. svino i kakta garantuoti. o Amerika, ES ir Izraelis jau greitai BUS SUNAIKINTi.;USA;Level 1
Netiesa_092;"Wilno bus nashe. 
Europa bus islamiska. 
Alach Achbar.
America kaput.  Russia kaput. Okraina..?  ";Russia;Level 1
Netiesa_092;"Wilno bus nashe. 
Europa bus islamiska. 
Alach Achbar.
America kaput.  Russia kaput. Okraina..?  ";Ukraine;Level 1
Netiesa_092;"Wilno bus nashe. 
Europa bus islamiska. 
Alach Achbar.
America kaput.  Russia kaput. Okraina..?  ";USA;Level 1
Netiesa_094;Lietuvos visą chunta reikia utilizuoti  pagreitintai;Lithuania;Level 1
Netiesa_094;Turkija - gerai žinoma prostitutė. Duoda visiems, kurie gerai sumoka. Dabar ji tų laivų skelbiasi neįleisianti, o po kurio laiko įleis. ;Other Asian;Level 1
Netiesa_099;Fasistine Amerika privalomai turi buti sunaikinta. Kitos fasistines satelites PACIOS pasikars.  Rusija, Kinija, arabai, Afrika pirmyn.P.Amerika pirmyn. Mirtis sionistams, mirtis IV ES fasistiniam Reichui.;USA;Level 1
Netiesa_102;"Šiuolaikinė Lietuva, kaip ir kita rytų europa- tai parazitinė šalis, pragyvenanti iš jankių pinigų. Lietuvių priešai- tai ne rusai, o jų skriaudikai policininkai, prokurorai, šauliai ir savanoriai. Juk kažkada žečpospolitos ponai padarė Lietuvą baudžiauninkų kraštu, per kurį svetimšaliai ėjo, kaip per tuščią vietą. Nereikia užmiršti, kad pasitaikius progai, ir žydai duodavo lietuviams į galvas. XVII amžiuje.

";Lithuania;Level 1
Reddit_026;Tbh jei sienos tarp rusijos ir baltarusijos neliktų, manau, kad skirtumas nepasijaustų. Tas dvi šalis matau kaip vieną šūdiną ir kitoms šalims gyvenimą gadinantį darinį.;Belorus;Level 1
Reddit_026;Tbh jei sienos tarp rusijos ir baltarusijos neliktų, manau, kad skirtumas nepasijaustų. Tas dvi šalis matau kaip vieną šūdiną ir kitoms šalims gyvenimą gadinantį darinį.;Russia;Level 1
Reddit_029;O gali BY atsipist nuo mūsų ir susirast savo gyvenimą? Nors čj neilgai truks, nes vis tiek juos kažkuriuo metu prisijungs rusija.;Belorus;Level 1
Reddit_029;vis esme yra padarytu baltarusius nuskriaustais lietuvoje kad butu pretekstas kistis ir kazka bandyt mutint, sena xujlostano ir visu pakaliku psyopsas;Russia;Level 1
Reddit_034;Izrealis teroristai;Israel;Level 1
Reddit_034;Lietuva - “JAV kolonija” norėjai pasakyt? Nu jo, susieje.;Lithuania;Level 1
Reddit_034;Lietuva - “JAV kolonija” norėjai pasakyt? Nu jo, susieje.;USA;Level 1
Reddit_038;iranas gali čiulpti bybi su savo shahedu atidavimais ruzzkiams.;Iran;Level 1
Reddit_040;neina nesikeikus bet tu kurwa tu kurwa, kiek turim zmonių nemokančių internetu naudotis, pirma, nera tokios šalies kaip palestina, antra ten išvis UK kolonizuotos zemes, trečia palaikau Izraelį ir jei jie nuspręs tą regioną sulyginti su žeme, aš tik džiaugsiuos;Palestine region;Level 1
Reddit_041;"
Abu, Izraelis ir Palestina, yra blogai, nė viena nėra geresnė, gali ir sunaikinti abi";Israel;Level 1
Reddit_041;"
Abu, Izraelis ir Palestina, yra blogai, nė viena nėra geresnė, gali ir sunaikinti abi";Palestine region;Level 1
